화약,뇌관,SR SD,CR SD,최대입자속도
에멀젼C,비전기,18.8,14.92,3.2039999999999997
에멀젼C,비전기,18.8,14.92,2.97
에멀젼C,비전기,15.21,12.77,3.9
에멀젼C,비전기,15.21,12.77,2.609
에멀젼C,비전기,15.38,12.91,3.176
에멀젼C,비전기,15.38,12.91,2.6689999999999996
에멀젼C,비전기,179.2,142.23,0.040999999999999995
에멀젼C,비전기,152.47,127.99,0.062
에멀젼C,비전기,152.47,127.99,0.033
에멀젼C,비전기,151.62,127.28,0.06
에멀젼C,비전기,151.62,127.28,0.028999999999999998
에멀젼C,비전기,153.48,128.84,0.032
에멀젼C,비전기,50.7,50.7,0.17800000000000002
에멀젼C,비전기,98.6,78.26,0.14400000000000002
에멀젼C,비전기,98.6,78.26,0.139
에멀젼C,비전기,85.02,71.37,0.20199999999999999
에멀젼C,비전기,85.02,71.37,0.14300000000000002
에멀젼C,비전기,81.81,69.47,0.15
에멀젼C,비전기,80.7,80.7,0.062
에멀젼C,비전기,158.6,125.88,0.035
에멀젼C,비전기,158.6,125.88,0.038
에멀젼C,비전기,158.6,125.88,0.048
에멀젼C,비전기,158.6,125.88,0.039
에멀젼C,비전기,135.39,113.66,0.047
에멀젼C,비전기,111.4,111.4,0.038
에멀젼C,비전기,218.6,173.5,0.028999999999999998
에멀젼C,비전기,218.6,173.5,0.032
에멀젼C,비전기,217.2,172.39,0.033
에멀젼C,비전기,185.93,156.09,0.028999999999999998
에멀젼C,비전기,178.98,151.98,0.035
에멀젼C,비전기,84.2,66.83,0.16399999999999998
에멀젼C,비전기,48.41,45.61,0.14300000000000002
에멀젼C,비전기,47.57,44.82,0.136
에멀젼C,비전기,44.41,39.56,0.24
에멀젼C,비전기,44.41,39.56,0.198
에멀젼C,비전기,435.6,345.74,0.009000000000000001
에멀젼C,비전기,425.2,337.48,0.011000000000000001
에멀젼C,비전기,296.14,263.83,0.009000000000000001
에멀젼C,비전기,295.0,262.82,0.009000000000000001
에멀젼C,비전기,295.0,262.82,0.011000000000000001
에멀젼C,비전기,44.12,39.31,0.19399999999999998
에멀젼C,비전기,51.6,40.95,0.247
에멀젼C,비전기,55.0,43.65,0.222
에멀젼C,비전기,31.67,29.85,0.358
에멀젼C,비전기,34.42,32.44,0.244
에멀젼C,비전기,92.6,73.5,0.09300000000000001
에멀젼C,비전기,61.91,58.34,0.067
에멀젼C,비전기,63.47,59.8,0.071
에멀젼C,비전기,63.07,56.19,0.067
에멀젼C,비전기,61.94,55.18,0.115
에멀젼C,비전기,145.6,115.56,0.033
에멀젼C,비전기,132.0,104.77,0.051
에멀젼C,비전기,94.19,83.91,0.037000000000000005
에멀젼C,비전기,93.06,82.9,0.046
에멀젼C,비전기,91.92,81.89,0.043
에멀젼C,비전기,125.3,111.63,0.068
에멀젼C,비전기,129.4,115.28,0.026000000000000002
에멀젼C,비전기,174.2,138.26,0.032
에멀젼C,비전기,172.6,136.99,0.031
에멀젼C,비전기,120.77,107.6,0.034
에멀젼C,비전기,215.8,171.28,0.027000000000000003
에멀젼C,비전기,212.6,168.74,0.027000000000000003
에멀젼C,비전기,227.6,180.65,0.023
에멀젼C,비전기,147.93,131.79,0.022000000000000002
에멀젼C,비전기,146.8,130.78,0.032
에멀젼C,비전기,185.26,165.05,0.011000000000000001
에멀젼C,비전기,251.0,199.22,0.016
에멀젼C,비전기,266.0,211.12,0.01
에멀젼C,비전기,178.47,159.0,0.011000000000000001
에멀젼C,비전기,177.34,157.99,0.015
에멀젼C,비전기,24.66,20.94,2.6439999999999997
에멀젼C,비전기,19.52,17.39,1.5630000000000002
에멀젼C,비전기,19.52,17.39,2.349
에멀젼C,비전기,18.38,16.38,2.238
에멀젼C,비전기,16.69,14.87,3.137
에멀젼C,비전기,179.4,142.39,0.054000000000000006
에멀젼C,비전기,122.75,109.36,0.069
에멀젼C,비전기,130.81,116.54,0.055999999999999994
에멀젼C,비전기,119.78,106.72,0.07200000000000001
에멀젼C,비전기,152.36,129.38,0.06
에멀젼C,비전기,210.4,166.99,0.03
에멀젼C,비전기,217.4,172.55,0.038
에멀젼C,비전기,145.95,130.02,0.049
에멀젼C,비전기,179.14,152.12,0.03
에멀젼C,비전기,165.1,140.2,0.033
에멀젼C,비전기,365.4,290.02,0.016
에멀젼C,비전기,375.6,298.11,0.013999999999999999
에멀젼C,비전기,256.54,228.55,0.015
에멀젼C,비전기,258.94,230.69,0.017
에멀젼C,비전기,258.24,230.06,0.013999999999999999
에멀젼C,비전기,82.6,65.56,0.13
에멀젼C,비전기,55.15,49.14,0.156
에멀젼C,비전기,64.35,57.33,0.124
에멀젼C,비전기,54.31,48.38,0.174
에멀젼C,비전기,60.81,54.18,0.11
에멀젼C,비전기,138.6,110.01,0.094
에멀젼C,비전기,93.2,83.03,0.09300000000000001
에멀젼C,비전기,96.31,85.8,0.099
에멀젼C,비전기,102.39,91.22,0.079
에멀젼C,비전기,123.29,104.7,0.086
에멀젼C,비전기,161.01,136.73,0.040999999999999995
에멀젼C,비전기,136.61,121.71,0.045
에멀젼C,비전기,140.57,125.24,0.047
에멀젼C,비전기,142.84,127.25,0.035
에멀젼C,비전기,144.67,128.89,0.036000000000000004
에멀젼C,비전기,214.34,238.02,0.012
에멀젼C,비전기,278.13,283.64,0.01
에멀젼C,비전기,276.9,282.39,0.015
에멀젼C,비전기,241.93,258.84,0.011000000000000001
에멀젼C,비전기,278.6,284.12,0.013000000000000001
에멀젼C,비전기,245.45,272.56,0.017
에멀젼C,비전기,316.12,322.39,0.018000000000000002
에멀젼C,비전기,316.97,323.26,0.011000000000000001
에멀젼C,비전기,273.93,293.09,0.018000000000000002
에멀젼C,비전기,274.83,294.05,0.016
에멀젼C,비전기,142.77,158.54,0.012
에멀젼C,비전기,186.3,189.99,0.01
에멀젼C,비전기,185.17,188.84,0.013999999999999999
에멀젼C,비전기,193.3,193.3,0.012
에멀젼C,비전기,157.99,171.31,0.013999999999999999
에멀젼C,비전기,113.56,126.1,0.036000000000000004
에멀젼C,비전기,144.91,147.78,0.039
에멀젼C,비전기,126.07,134.88,0.037000000000000005
에멀젼C,비전기,179.09,170.71,0.032
에멀젼C,비전기,152.3,152.3,0.044000000000000004
에멀젼C,비전기,365.53,372.77,0.013999999999999999
에멀젼C,비전기,362.79,369.99,0.012
에멀젼C,비전기,311.98,333.8,0.015
에멀젼C,비전기,366.19,373.45,0.011000000000000001
에멀젼C,비전기,386.9,386.9,0.012
에멀젼C,비전기,188.56,226.45,0.013000000000000001
에멀젼C,비전기,308.39,314.51,0.011000000000000001
에멀젼C,비전기,267.65,286.36,0.012
에멀젼C,비전기,326.4,326.4,0.01
에멀젼C,비전기,329.2,329.2,0.013999999999999999
에멀젼C,비전기,23.59,26.19,0.272
에멀젼C,비전기,28.38,28.94,0.267
에멀젼C,비전기,31.77,32.4,0.35200000000000004
에멀젼C,비전기,25.39,27.17,0.28800000000000003
에멀젼C,비전기,32.15,32.79,0.36700000000000005
에멀젼C,비전기,45.28,50.28,0.174
에멀젼C,비전기,55.91,57.02,0.239
에멀젼C,비전기,58.64,59.81,0.193
에멀젼C,비전기,56.47,57.59,0.184
에멀젼C,비전기,48.91,52.33,0.293
에멀젼C,비전기,109.0,103.9,0.015
에멀젼C,비전기,108.54,103.46,0.019
에멀젼C,비전기,108.2,103.13,0.021
에멀젼C,비전기,94.8,94.8,0.013000000000000001
에멀젼C,비전기,94.8,94.8,0.013000000000000001
에멀젼C,비전기,128.98,122.94,0.022000000000000002
에멀젼C,비전기,129.67,123.6,0.015
에멀젼C,비전기,112.6,112.6,0.011000000000000001
에멀젼C,비전기,104.75,106.82,0.011000000000000001
에멀젼C,비전기,104.75,106.82,0.013000000000000001
에멀젼C,비전기,254.15,242.25,0.005
에멀젼C,비전기,254.61,242.69,0.005
에멀젼C,비전기,253.8,241.92,0.006
에멀젼C,비전기,206.76,210.86,0.005
에멀젼C,비전기,206.0,210.09,0.006
에멀젼C,비전기,275.3,275.3,0.003
에멀젼C,비전기,275.0,275.0,0.005
에멀젼C,비전기,269.8,269.8,0.01
에멀젼C,비전기,275.9,275.9,0.004
에멀젼C,비전기,318.81,303.89,0.003
에멀젼C,비전기,175.05,166.86,0.013000000000000001
에멀젼C,비전기,178.52,170.16,0.01
에멀젼C,비전기,175.86,167.63,0.011000000000000001
에멀젼C,비전기,174.48,166.31,0.013999999999999999
에멀젼C,비전기,155.0,155.0,0.006999999999999999
에멀젼C,비전기,45.96,43.81,0.08
에멀젼C,비전기,44.69,42.59,0.10300000000000001
에멀젼C,비전기,39.2,39.2,0.084
에멀젼C,비전기,38.84,39.61,0.09
에멀젼C,비전기,38.09,38.84,0.095
에멀젼C,비전기,65.71,67.02,0.023
에멀젼C,비전기,66.47,67.79,0.03
에멀젼C,비전기,67.98,69.32,0.021
에멀젼C,비전기,259.18,264.32,0.011000000000000001
에멀젼C,비전기,220.94,236.39,0.013000000000000001
에멀젼C,비전기,223.97,239.62,0.009000000000000001
에멀젼C,비전기,277.7,277.7,0.01
에멀젼C,비전기,214.94,233.06,0.009000000000000001
에멀젼C,비전기,299.8,299.8,0.01
에멀젼C,비전기,232.83,252.45,0.011000000000000001
에멀젼C,비전기,231.57,251.09,0.01
에멀젼C,비전기,229.14,248.45,0.009000000000000001
에멀젼C,비전기,228.59,247.86,0.008
에멀젼C,비전기,250.88,255.86,0.013000000000000001
에멀젼C,비전기,252.2,257.2,0.01
에멀젼C,비전기,217.84,233.07,0.012
에멀젼C,비전기,252.58,257.59,0.015
에멀젼C,비전기,268.2,268.2,0.01
에멀젼C,비전기,213.45,217.68,0.019
에멀젼C,비전기,185.43,198.39,0.013000000000000001
에멀젼C,비전기,227.8,227.8,0.016
에멀젼C,비전기,175.72,190.53,0.017
에멀젼C,비전기,176.11,190.96,0.016
에멀젼C,비전기,56.47,57.59,0.102
에멀젼C,비전기,49.4,52.85,0.11599999999999999
에멀젼C,비전기,49.81,53.29,0.149
에멀젼C,비전기,61.9,61.9,0.11699999999999999
에멀젼C,비전기,64.3,64.3,0.156
에멀젼C,비전기,58.57,65.04,0.079
에멀젼C,비전기,68.18,72.94,0.094
에멀젼C,비전기,77.59,79.13,0.128
에멀젼C,비전기,92.84,88.49,0.125
에멀젼C,비전기,84.9,84.9,0.08900000000000001
에멀젼C,비전기,136.84,146.41,0.021
에멀젼C,비전기,132.93,142.22,0.042
에멀젼C,비전기,116.11,130.33,0.047
에멀젼C,비전기,163.67,166.92,0.039
에멀젼C,비전기,120.65,133.97,0.032
에멀젼C,비전기,240.6,249.72,0.01
에멀젼C,비전기,214.74,231.63,0.011000000000000001
에멀젼C,비전기,214.18,231.03,0.011000000000000001
에멀젼C,비전기,262.29,267.49,0.008
에멀젼C,비전기,196.89,218.63,0.011000000000000001
에멀젼C,비전기,193.26,206.78,0.006999999999999999
에멀젼C,비전기,200.89,208.5,0.011000000000000001
에멀젼C,비전기,301.68,278.95,0.01
에멀젼C,비전기,169.5,188.22,0.009000000000000001
에멀젼C,비전기,169.94,188.71,0.009000000000000001
에멀젼C,비전기,156.85,167.81,0.021
에멀젼C,비전기,157.42,168.43,0.023
에멀젼C,비전기,195.0,195.0,0.024
에멀젼C,비전기,170.3,176.75,0.024
에멀젼C,비전기,155.62,167.86,0.024
에멀젼C,비전기,142.04,147.42,0.026000000000000002
에멀젼C,비전기,159.6,159.6,0.031
에멀젼C,비전기,160.5,160.5,0.044000000000000004
에멀젼C,비전기,211.87,195.91,0.03
에멀젼C,비전기,157.17,160.28,0.032
에멀젼C,비전기,44.17,47.26,0.11
에멀젼C,비전기,42.05,44.99,0.11
에멀젼C,비전기,58.89,56.13,0.129
에멀젼C,비전기,58.74,59.9,0.128
에멀젼C,비전기,46.59,51.74,0.10300000000000001
에멀젼C,비전기,51.99,60.57,0.111
에멀젼C,비전기,101.95,94.27,0.09
에멀젼C,비전기,92.84,88.49,0.09
에멀젼C,비전기,92.15,87.83,0.087
에멀젼C,비전기,87.12,88.84,0.073
에멀젼C,비전기,72.12,64.26,0.156
에멀젼C,비전기,73.68,65.64,0.285
에멀젼C,비전기,76.08,67.78,0.17800000000000002
에멀젼C,비전기,67.03,59.72,0.187
에멀젼C,비전기,65.76,58.59,0.151
에멀젼C,비전기,28.43,25.32,0.574
에멀젼C,비전기,28.43,25.32,0.456
에멀젼C,비전기,28.0,24.95,0.479
에멀젼C,비전기,28.0,24.95,0.42100000000000004
에멀젼C,비전기,25.6,22.8,0.41700000000000004
에멀젼C,비전기,40.02,35.66,0.353
에멀젼C,비전기,40.73,36.29,0.38
에멀젼C,비전기,43.42,38.68,0.332
에멀젼C,비전기,44.26,39.44,0.281
에멀젼C,비전기,35.36,31.5,0.273
에멀젼C,비전기,63.36,56.44,0.248
에멀젼C,비전기,64.63,57.58,0.331
에멀젼C,비전기,67.18,59.85,0.282
에멀젼C,비전기,58.12,51.78,0.209
에멀젼C,비전기,57.7,51.4,0.205
에멀젼C,비전기,90.93,81.01,0.085
에멀젼C,비전기,90.93,81.01,0.045
에멀젼C,비전기,93.34,83.15,0.073
에멀젼C,비전기,92.77,82.65,0.061
에멀젼C,비전기,90.37,80.51,0.048
에멀젼C,비전기,113.99,101.55,0.048
에멀젼C,비전기,113.99,101.55,0.062
에멀젼C,비전기,112.43,100.16,0.046
에멀젼C,비전기,120.49,107.35,0.038
에멀젼C,비전기,117.95,105.08,0.036000000000000004
에멀젼C,비전기,143.97,128.26,0.04
에멀젼C,비전기,144.11,128.39,0.037000000000000005
에멀젼C,비전기,141.56,126.12,0.034
에멀젼C,비전기,146.09,130.15,0.032
에멀젼C,비전기,145.52,129.65,0.031
에멀젼C,비전기,120.2,95.4,0.098
에멀젼C,비전기,98.47,83.62,0.077
에멀젼C,비전기,89.49,75.99,0.109
에멀젼C,비전기,101.08,85.84,0.077
에멀젼C,비전기,85.57,72.66,0.111
에멀젼C,비전기,173.6,137.79,0.033
에멀젼C,비전기,174.8,138.74,0.035
에멀젼C,비전기,132.76,112.74,0.045
에멀젼C,비전기,145.66,123.7,0.034
에멀젼C,비전기,146.97,124.81,0.034
에멀젼C,비전기,225.8,179.22,0.011000000000000001
에멀젼C,비전기,228.8,181.6,0.01
에멀젼C,비전기,186.16,158.09,0.009000000000000001
에멀젼C,비전기,233.2,185.09,0.009000000000000001
에멀젼C,비전기,182.24,154.76,0.013000000000000001
에멀젼C,비전기,168.2,133.5,0.027999999999999997
에멀젼C,비전기,170.4,135.25,0.028999999999999998
에멀젼C,비전기,133.25,113.16,0.028999999999999998
에멀젼C,비전기,167.8,133.18,0.026000000000000002
에멀젼C,비전기,137.17,116.48,0.026000000000000002
에멀젼C,비전기,216.4,171.76,0.008
에멀젼C,비전기,209.8,166.52,0.008
에멀젼C,비전기,173.42,147.27,0.013000000000000001
에멀젼C,비전기,179.79,152.68,0.008
에멀젼C,비전기,181.1,153.79,0.008
에멀젼C,비전기,38.0,30.16,0.685
에멀젼C,비전기,30.86,26.21,0.7490000000000001
에멀젼C,비전기,30.54,25.93,0.951
에멀젼C,비전기,35.44,30.09,0.677
에멀젼C,비전기,30.37,25.79,0.9329999999999999
에멀젼C,비전기,59.2,46.99,0.21899999999999997
에멀젼C,비전기,44.58,37.86,0.23600000000000002
에멀젼C,비전기,43.6,37.03,0.25
에멀젼C,비전기,54.87,46.59,0.203
에멀젼C,비전기,56.01,47.56,0.188
에멀젼C,비전기,88.2,70.0,0.091
에멀젼C,비전기,92.6,73.5,0.107
에멀젼C,비전기,71.53,60.74,0.126
에멀젼C,비전기,82.47,70.03,0.11800000000000001
에멀젼C,비전기,83.61,71.0,0.094
에멀젼C,비전기,32.2,33.42,0.245
에멀젼C,비전기,33.94,34.61,0.19699999999999998
에멀젼C,비전기,36.1,36.1,0.157
에멀젼C,비전기,36.0,36.0,0.102
에멀젼C,비전기,36.0,36.0,0.129
에멀젼C,비전기,29.39,31.45,0.252
에멀젼C,비전기,54.47,56.53,0.07200000000000001
에멀젼C,비전기,57.42,58.56,0.043
에멀젼C,비전기,70.44,67.14,0.037000000000000005
에멀젼C,비전기,60.9,60.9,0.057
에멀젼C,비전기,60.9,60.9,0.047
에멀젼C,비전기,49.72,53.2,0.08
에멀젼C,비전기,76.74,79.65,0.065
에멀젼C,비전기,99.07,94.44,0.028999999999999998
에멀젼C,비전기,99.07,94.44,0.027000000000000003
에멀젼C,비전기,99.19,94.55,0.022000000000000002
에멀젼C,비전기,85.8,85.8,0.03
에멀젼C,비전기,85.8,85.8,0.018000000000000002
에멀젼C,비전기,99.1,102.86,0.062
에멀젼C,비전기,99.1,102.86,0.036000000000000004
에멀젼C,비전기,110.8,110.8,0.033
에멀젼C,비전기,110.8,110.8,0.017
에멀젼C,비전기,110.8,110.8,0.023
에멀젼C,비전기,90.47,96.79,0.039
에멀젼C,비전기,121.37,125.97,0.048
에멀젼C,비전기,156.69,149.36,0.016
에멀젼C,비전기,156.69,149.36,0.02
에멀젼C,비전기,135.7,135.7,0.028999999999999998
에멀젼C,비전기,135.7,135.7,0.012
에멀젼C,비전기,110.8,118.54,0.03
에멀젼C,비전기,232.5,183.28,0.03
에멀젼C,비전기,229.23,180.71,0.037000000000000005
에멀젼C,비전기,228.62,180.22,0.034
에멀젼C,비전기,233.11,183.76,0.031
에멀젼C,비전기,228.62,180.22,0.053
에멀젼C,비전기,204.33,161.08,0.047
에멀젼C,비전기,201.06,158.5,0.06
에멀젼C,비전기,204.12,160.91,0.044000000000000004
에멀젼C,비전기,204.94,161.56,0.055
에멀젼C,비전기,200.45,158.02,0.065
에멀젼C,비전기,231.23,204.6,0.018000000000000002
에멀젼C,비전기,231.66,204.99,0.012
에멀젼C,비전기,232.24,205.5,0.015
에멀젼C,비전기,230.22,203.71,0.023
에멀젼C,비전기,324.56,255.85,0.019
에멀젼C,비전기,308.74,273.19,0.022000000000000002
에멀젼C,비전기,437.44,344.84,0.019
에멀젼C,비전기,438.25,345.48,0.019
에멀젼C,비전기,439.07,346.13,0.018000000000000002
에멀젼C,비전기,440.09,346.93,0.018000000000000002
에멀젼C,비전기,470.51,370.91,0.006
에멀젼C,비전기,470.71,371.07,0.005
에멀젼C,비전기,469.28,369.94,0.006999999999999999
에멀젼C,비전기,470.51,370.91,0.006
에멀젼C,비전기,468.26,369.14,0.005
에멀젼C,비전기,53.68,42.32,0.49200000000000005
에멀젼C,비전기,53.48,42.16,0.502
에멀젼C,비전기,51.44,40.55,0.47200000000000003
에멀젼C,비전기,48.79,38.46,0.46
에멀젼C,비전기,47.97,37.82,0.511
에멀젼C,비전기,102.67,80.94,0.19399999999999998
에멀젼C,비전기,102.06,80.46,0.204
에멀젼C,비전기,100.84,79.49,0.17600000000000002
에멀젼C,비전기,100.63,79.33,0.171
에멀젼C,비전기,97.57,76.92,0.18100000000000002
에멀젼C,비전기,155.34,122.46,0.07400000000000001
에멀젼C,비전기,155.95,122.94,0.07200000000000001
에멀젼C,비전기,151.05,119.08,0.102
에멀젼C,비전기,149.83,118.11,0.07
에멀젼C,비전기,148.6,117.15,0.085
에멀젼C,비전기,361.25,266.17,0.016
에멀젼C,비전기,357.5,263.41,0.013999999999999999
에멀젼C,비전기,313.4,240.66,0.017
에멀젼C,비전기,312.52,239.98,0.017
에멀젼C,비전기,312.52,239.98,0.02
에멀젼C,비전기,108.25,79.76,0.040999999999999995
에멀젼C,비전기,110.75,81.6,0.039
에멀젼C,비전기,109.25,80.5,0.036000000000000004
에멀젼C,비전기,95.63,73.44,0.036000000000000004
에멀젼C,비전기,89.01,68.35,0.044000000000000004
에멀젼C,비전기,13.5,9.95,1.236
에멀젼C,비전기,10.41,8.21,1.795
에멀젼C,비전기,13.75,10.13,1.579
에멀젼C,비전기,12.37,9.5,1.122
에멀젼C,비전기,10.82,8.31,1.3780000000000001
에멀젼C,비전기,87.25,64.29,0.057
에멀젼C,비전기,95.5,70.37,0.055999999999999994
에멀젼C,비전기,76.64,58.85,0.078
에멀젼C,비전기,80.17,61.56,0.087
에멀젼C,비전기,82.6,63.43,0.07
에멀젼C,비전기,123.75,91.18,0.044000000000000004
에멀젼C,비전기,120.5,88.79,0.045
에멀젼C,비전기,124.0,91.36,0.040999999999999995
에멀젼C,비전기,123.25,90.81,0.055999999999999994
에멀젼C,비전기,115.51,88.7,0.061
에멀젼C,비전기,162.0,119.36,0.055
에멀젼C,비전기,164.0,120.84,0.049
에멀젼C,비전기,161.5,118.99,0.045
에멀젼C,비전기,146.21,112.27,0.044000000000000004
에멀젼C,비전기,149.3,114.65,0.04
에멀젼C,비전기,139.1,160.96,0.024
에멀젼C,비전기,128.19,152.19,0.043
에멀젼C,비전기,128.79,152.9,0.036000000000000004
에멀젼C,비전기,128.55,152.61,0.04
에멀젼C,비전기,128.49,152.54,0.03
에멀젼C,비전기,180.78,214.62,0.018000000000000002
에멀젼C,비전기,181.02,214.91,0.017
에멀젼C,비전기,181.85,215.9,0.011000000000000001
에멀젼C,비전기,180.3,214.05,0.019
에멀젼C,비전기,181.38,215.33,0.012
에멀젼C,비전기,37.35,44.34,0.526
에멀젼C,비전기,38.37,45.55,0.36200000000000004
에멀젼C,비전기,38.13,45.27,0.419
에멀젼C,비전기,37.83,44.91,0.48
에멀젼C,비전기,36.81,43.7,0.33
에멀젼C,비전기,50.08,59.46,0.369
에멀젼C,비전기,50.32,59.74,0.27899999999999997
에멀젼C,비전기,49.78,59.1,0.37799999999999995
에멀젼C,비전기,49.6,58.89,0.245
에멀젼C,비전기,49.0,58.18,0.266
에멀젼C,비전기,129.02,153.18,0.034
에멀젼C,비전기,130.04,154.39,0.032
에멀젼C,비전기,128.55,152.61,0.045
에멀젼C,비전기,132.07,156.8,0.02
에멀젼C,비전기,131.48,156.09,0.031
에멀젼C,비전기,148.53,171.86,0.02
에멀젼C,비전기,148.4,171.71,0.021
에멀젼C,비전기,139.42,165.52,0.03
에멀젼C,비전기,139.84,166.02,0.025
에멀젼C,비전기,138.95,164.96,0.034
에멀젼C,비전기,92.16,122.82,0.067
에멀젼C,비전기,91.87,122.42,0.042
에멀젼C,비전기,91.57,122.03,0.051
에멀젼C,비전기,91.28,121.63,0.055999999999999994
에멀젼C,비전기,92.88,123.77,0.046
에멀젼C,비전기,129.56,172.65,0.013000000000000001
에멀젼C,비전기,130.79,174.29,0.013999999999999999
에멀젼C,비전기,130.49,173.89,0.017
에멀젼C,비전기,130.15,173.44,0.017
에멀젼C,비전기,131.0,174.57,0.012
에멀젼C,비전기,37.82,50.4,0.28
에멀젼C,비전기,37.57,50.06,0.294
에멀젼C,비전기,37.23,49.61,0.341
에멀젼C,비전기,36.98,49.27,0.345
에멀젼C,비전기,36.85,49.1,0.268
에멀젼C,비전기,93.05,124.0,0.026000000000000002
에멀젼C,비전기,94.15,125.46,0.045
에멀젼C,비전기,93.52,124.62,0.043
에멀젼C,비전기,93.81,125.01,0.04
에멀젼C,비전기,93.43,124.51,0.038
에멀젼C,비전기,100.4,133.8,0.021
에멀젼C,비전기,99.69,132.84,0.032
에멀젼C,비전기,99.39,132.45,0.027000000000000003
에멀젼C,비전기,100.07,133.35,0.021
에멀젼C,비전기,100.32,133.69,0.013999999999999999
에멀젼C,비전기,107.97,143.88,0.023
에멀젼C,비전기,108.01,143.93,0.019
에멀젼C,비전기,107.84,143.71,0.017
에멀젼C,비전기,107.21,142.86,0.025
에멀젼C,비전기,107.55,143.32,0.022000000000000002
에멀젼C,비전기,407.01,362.61,0.003
에멀젼C,비전기,397.39,354.04,0.004
에멀젼C,비전기,412.38,367.39,0.005
에멀젼C,비전기,337.4,321.61,0.004
에멀젼C,비전기,323.09,307.96,0.006999999999999999
에멀젼C,비전기,415.61,363.82,0.006999999999999999
에멀젼C,비전기,471.22,419.81,0.004
에멀젼C,비전기,472.49,420.94,0.003
에멀젼C,비전기,376.43,358.81,0.004
에멀젼C,비전기,375.16,357.6,0.004
에멀젼C,비전기,409.33,383.38,0.004
에멀젼C,비전기,504.16,441.34,0.003
에멀젼C,비전기,59.7,56.9,0.105
에멀젼C,비전기,72.27,64.38,0.10099999999999999
에멀젼C,비전기,63.5,56.57,0.11699999999999999
에멀젼C,비전기,51.04,48.65,0.16399999999999998
에멀젼C,비전기,50.46,48.1,0.16
에멀젼C,비전기,54.77,51.3,0.14400000000000002
에멀젼C,비전기,111.58,99.41,0.025
에멀젼C,비전기,115.97,103.31,0.024
에멀젼C,비전기,112.43,100.16,0.031
에멀젼C,비전기,94.8,90.36,0.025
에멀젼C,비전기,85.68,81.67,0.031
에멀젼C,비전기,96.89,90.74,0.027999999999999997
에멀젼C,비전기,136.2,127.56,0.013000000000000001
에멀젼C,비전기,136.32,127.68,0.02
에멀젼C,비전기,138.51,129.73,0.012
에멀젼C,비전기,140.7,131.78,0.011000000000000001
에멀젼C,비전기,175.01,153.2,0.009000000000000001
에멀젼C,비전기,175.16,153.33,0.008
에멀젼C,비전기,198.91,215.11,0.024
에멀젼C,비전기,114.57,148.8,0.042
에멀젼C,비전기,114.38,148.56,0.047
에멀젼C,비전기,178.05,199.85,0.027000000000000003
에멀젼C,비전기,125.4,157.99,0.027999999999999997
에멀젼C,비전기,100.59,135.6,0.044000000000000004
에멀젼C,비전기,99.78,134.5,0.055
에멀젼C,비전기,100.96,136.09,0.042
에멀젼C,비전기,124.1,156.36,0.034
에멀젼C,비전기,122.75,154.66,0.045
에멀젼C,비전기,28.3,36.75,0.872
에멀젼C,비전기,28.44,36.93,0.768
에멀젼C,비전기,28.71,37.29,0.581
에멀젼C,비전기,25.64,34.56,0.604
에멀젼C,비전기,31.8,40.07,0.462
에멀젼C,비전기,81.74,88.41,0.124
에멀젼C,비전기,80.95,87.55,0.113
에멀젼C,비전기,47.1,61.18,0.20199999999999999
에멀젼C,비전기,42.05,56.68,0.23600000000000002
에멀젼C,비전기,51.05,64.32,0.158
에멀젼C,비전기,102.62,110.98,0.084
에멀젼C,비전기,58.93,76.53,0.22
에멀젼C,비전기,58.79,76.35,0.33
에멀젼C,비전기,59.25,76.95,0.20800000000000002
에멀젼C,비전기,59.25,76.95,0.134
에멀젼C,비전기,73.12,94.97,0.162
에멀젼C,비전기,72.39,94.02,0.162
에멀젼C,비전기,65.24,87.94,0.11800000000000001
에멀젼C,비전기,64.54,87.01,0.252
에멀젼C,비전기,64.87,87.45,0.19699999999999998
에멀젼C,비전기,76.3,102.86,0.141
에멀젼C,비전기,76.63,103.3,0.133
에멀젼C,비전기,75.89,102.3,0.142
에멀젼C,비전기,94.65,119.25,0.102
에멀젼C,비전기,76.91,103.68,0.121
에멀젼C,비전기,171.16,185.1,0.038
에멀젼C,비전기,99.18,128.82,0.11800000000000001
에멀젼C,비전기,98.36,127.75,0.102
에멀젼C,비전기,88.43,119.2,0.135
에멀젼C,비전기,107.8,135.82,0.075
에멀젼C,비전기,40.25,43.07,0.151
에멀젼C,비전기,39.85,42.63,0.172
에멀젼C,비전기,50.06,51.06,0.149
에멀젼C,비전기,53.17,54.23,0.10800000000000001
에멀젼C,비전기,50.53,51.54,0.14400000000000002
에멀젼C,비전기,52.23,53.27,0.086
에멀젼C,비전기,51.1,52.11,0.125
에멀젼C,비전기,52.7,53.75,0.081
에멀젼C,비전기,55.36,59.23,0.098
에멀젼C,비전기,55.28,59.14,0.098
에멀젼C,비전기,54.95,58.79,0.14
에멀젼C,비전기,61.28,62.5,0.11699999999999999
에멀젼C,비전기,63.07,64.32,0.102
에멀젼C,비전기,61.85,63.07,0.11199999999999999
에멀젼C,비전기,62.41,63.65,0.10300000000000001
에멀젼C,비전기,60.62,61.82,0.128
에멀젼C,비전기,74.22,79.41,0.048
에멀젼C,비전기,74.71,79.93,0.04
에멀젼C,비전기,85.32,87.02,0.048
에멀젼C,비전기,82.21,83.84,0.084
에멀젼C,비전기,83.44,85.09,0.066
에멀젼C,비전기,82.78,84.42,0.068
에멀젼C,비전기,84.1,85.77,0.053
에멀젼C,비전기,89.19,90.96,0.053
에멀젼C,비전기,118.07,126.32,0.019
에멀젼C,비전기,118.56,126.84,0.019
에멀젼C,비전기,118.47,126.76,0.016
에멀젼C,비전기,118.07,126.32,0.025
에멀젼C,비전기,135.29,137.98,0.021
에멀젼C,비전기,133.97,136.63,0.03
에멀젼C,비전기,135.95,138.65,0.019
에멀젼C,비전기,134.63,137.3,0.026000000000000002
에멀젼C,비전기,109.2,125.0,0.084
에멀젼C,비전기,109.47,125.31,0.064
에멀젼C,비전기,110.2,126.15,0.051
에멀젼C,비전기,122.69,136.24,0.043
에멀젼C,비전기,122.62,136.16,0.048
에멀젼C,비전기,131.95,148.1,0.022000000000000002
에멀젼C,비전기,117.76,137.19,0.022000000000000002
에멀젼C,비전기,126.93,145.3,0.023
에멀젼C,비전기,125.93,144.16,0.025
에멀젼C,비전기,136.93,152.06,0.024
에멀젼C,비전기,42.28,47.46,0.322
에멀젼C,비전기,36.53,41.82,0.331
에멀젼C,비전기,37.07,42.43,0.24100000000000002
에멀젼C,비전기,37.07,42.43,0.309
에멀젼C,비전기,37.73,43.19,0.33
에멀젼C,비전기,63.57,71.35,0.153
에멀젼C,비전기,63.99,71.83,0.1
에멀젼C,비전기,63.53,72.73,0.091
에멀젼C,비전기,57.73,66.09,0.11199999999999999
에멀젼C,비전기,59.47,68.07,0.115
에멀젼C,비전기,76.6,87.69,0.059000000000000004
에멀젼C,비전기,76.6,87.69,0.055999999999999994
에멀젼C,비전기,77.13,88.3,0.034
에멀젼C,비전기,84.42,93.75,0.042
에멀젼C,비전기,84.64,93.99,0.051
에멀젼C,비전기,106.0,118.98,0.04
에멀젼C,비전기,98.6,112.87,0.039
에멀젼C,비전기,97.87,112.03,0.053
에멀젼C,비전기,97.87,112.03,0.032
에멀젼C,비전기,97.27,111.34,0.033
에멀젼C,비전기,127.63,143.26,0.02
에멀젼C,비전기,116.93,133.86,0.026000000000000002
에멀젼C,비전기,117.0,133.93,0.018000000000000002
에멀젼C,비전기,119.87,137.21,0.019
에멀젼C,비전기,116.93,133.86,0.023
에멀젼C,비전기,118.7,121.05,0.031
에멀젼C,비전기,134.81,131.84,0.038
에멀젼C,비전기,132.56,129.64,0.043
에멀젼C,비전기,132.35,129.43,0.037000000000000005
에멀젼C,비전기,130.85,127.97,0.049
에멀젼C,비전기,112.25,109.78,0.059000000000000004
에멀젼C,비전기,111.18,108.73,0.045
에멀젼C,비전기,109.04,106.64,0.057999999999999996
에멀젼C,비전기,109.58,107.17,0.067
에멀젼C,비전기,107.87,105.49,0.057
에멀젼C,비전기,128.39,125.57,0.039
에멀젼C,비전기,126.68,123.89,0.04
에멀젼C,비전기,127.0,124.21,0.051
에멀젼C,비전기,124.01,121.28,0.048
에멀젼C,비전기,125.08,122.33,0.037000000000000005
에멀젼C,비전기,154.26,150.87,0.02
에멀젼C,비전기,153.3,149.93,0.03
에멀젼C,비전기,153.3,149.93,0.021
에멀젼C,비전기,153.19,149.82,0.027000000000000003
에멀젼C,비전기,162.0,154.42,0.022000000000000002
에멀젼C,비전기,87.78,89.52,0.065
에멀젼C,비전기,99.21,97.02,0.055999999999999994
에멀젼C,비전기,96.21,94.1,0.064
에멀젼C,비전기,95.15,93.05,0.055
에멀젼C,비전기,97.07,94.93,0.06
에멀젼C,비전기,51.95,52.98,0.11800000000000001
에멀젼C,비전기,59.23,57.92,0.09300000000000001
에멀젼C,비전기,57.62,56.35,0.114
에멀젼C,비전기,56.98,55.73,0.10099999999999999
에멀젼C,비전기,59.7,56.9,0.091
에멀젼C,비전기,69.96,71.34,0.10800000000000001
에멀젼C,비전기,79.54,77.79,0.076
에멀젼C,비전기,79.43,77.68,0.079
에멀젼C,비전기,76.86,75.17,0.121
에멀젼C,비전기,81.87,78.04,0.067
에멀젼C,비전기,72.88,74.32,0.067
에멀젼C,비전기,81.57,79.77,0.064
에멀젼C,비전기,82.1,80.3,0.066
에멀젼C,비전기,79.43,77.68,0.086
에멀젼C,비전기,81.03,79.25,0.065
에멀젼C,비전기,79.38,80.96,0.061
에멀젼C,비전기,90.12,88.14,0.057999999999999996
에멀젼C,비전기,89.16,87.2,0.075
에멀젼C,비전기,87.55,85.63,0.059000000000000004
에멀젼C,비전기,86.06,84.16,0.061
에멀젼C,비전기,31.5,31.5,0.305
에멀젼C,비전기,28.89,29.98,0.27899999999999997
에멀젼C,비전기,30.68,31.84,0.195
에멀젼C,비전기,29.96,31.1,0.22899999999999998
에멀젼C,비전기,28.0,29.06,0.439
에멀젼C,비전기,33.5,33.5,0.2
에멀젼C,비전기,60.4,60.4,0.064
에멀젼C,비전기,55.1,57.18,0.067
에멀젼C,비전기,56.08,58.21,0.057
에멀젼C,비전기,54.2,56.26,0.098
에멀젼C,비전기,63.9,63.9,0.054000000000000006
에멀젼C,비전기,62.2,62.2,0.057999999999999996
에멀젼C,비전기,90.1,90.1,0.024
에멀젼C,비전기,80.05,83.08,0.037000000000000005
에멀젼C,비전기,80.95,84.01,0.026000000000000002
에멀젼C,비전기,81.84,84.94,0.024
에멀젼C,비전기,82.73,85.87,0.022000000000000002
에멀젼C,비전기,91.7,91.7,0.025
에멀젼C,비전기,119.9,119.9,0.012
에멀젼C,비전기,107.69,111.77,0.013000000000000001
에멀젼C,비전기,106.79,110.84,0.019
에멀젼C,비전기,120.1,120.1,0.012
에멀젼C,비전기,122.0,122.0,0.008
에멀젼C,비전기,121.5,121.5,0.011000000000000001
에멀젼C,비전기,149.7,149.7,0.012
에멀젼C,비전기,133.63,138.69,0.013999999999999999
에멀젼C,비전기,135.24,140.36,0.008
에멀젼C,비전기,134.43,139.53,0.013000000000000001
에멀젼C,비전기,149.9,149.9,0.013999999999999999
에멀젼C,비전기,151.3,151.3,0.011000000000000001
에멀젼C,비전기,147.87,158.21,0.02
에멀젼C,비전기,169.05,172.4,0.017
에멀젼C,비전기,154.71,161.63,0.019
에멀젼C,비전기,155.41,162.36,0.021
에멀젼C,비전기,146.32,156.55,0.023
에멀젼C,비전기,195.35,199.22,0.016
에멀젼C,비전기,186.81,195.16,0.015
에멀젼C,비전기,181.2,189.3,0.015
에멀젼C,비전기,212.17,211.28,0.02
에멀젼C,비전기,210.1,210.1,0.015
에멀젼C,비전기,45.72,50.77,0.126
에멀젼C,비전기,49.56,53.03,0.11900000000000001
에멀젼C,비전기,51.19,54.77,0.165
에멀젼C,비전기,51.77,55.39,0.11199999999999999
에멀젼C,비전기,60.25,61.44,0.098
에멀젼C,비전기,89.57,95.83,0.025
에멀젼C,비전기,91.28,97.67,0.037000000000000005
에멀젼C,비전기,105.5,107.59,0.021
에멀젼C,비전기,102.95,105.0,0.047
에멀젼C,비전기,105.78,107.88,0.039
에멀젼C,비전기,121.15,123.55,0.028999999999999998
에멀젼C,비전기,126.15,128.65,0.027999999999999997
에멀젼C,비전기,122.85,125.28,0.046
에멀젼C,비전기,125.21,127.69,0.034
에멀젼C,비전기,112.18,117.19,0.026000000000000002
에멀젼C,비전기,122.07,130.6,0.035
에멀젼C,비전기,141.61,144.42,0.032
에멀젼C,비전기,140.48,143.26,0.034
에멀젼C,비전기,143.97,146.82,0.035
에멀젼C,비전기,128.93,134.69,0.054000000000000006
에멀젼C,비전기,138.4,148.07,0.018000000000000002
에멀젼C,비전기,195.38,186.23,0.02
에멀젼C,비전기,159.99,163.17,0.039
에멀젼C,비전기,152.7,159.52,0.035
에멀젼C,비전기,152.61,159.43,0.035
에멀젼C,비전기,273.0,253.43,0.009000000000000001
에멀젼C,비전기,273.0,253.43,0.016
에멀젼C,비전기,272.88,253.31,0.011000000000000001
에멀젼C,비전기,272.88,253.31,0.017
에멀젼C,비전기,272.88,253.31,0.013999999999999999
에멀젼C,비전기,59.38,55.12,0.147
에멀젼C,비전기,68.56,60.67,0.134
에멀젼C,비전기,68.7,60.79,0.12
에멀젼C,비전기,68.7,60.79,0.134
에멀젼C,비전기,59.38,55.12,0.16899999999999998
에멀젼C,비전기,87.88,81.58,0.081
에멀젼C,비전기,87.88,81.58,0.09699999999999999
에멀젼C,비전기,101.47,89.79,0.086
에멀젼C,비전기,101.47,89.79,0.1
에멀젼C,비전기,87.88,81.58,0.146
에멀젼C,비전기,117.88,109.43,0.063
에멀젼C,비전기,117.88,109.43,0.07
에멀젼C,비전기,136.11,120.44,0.067
에멀젼C,비전기,136.11,120.44,0.085
에멀젼C,비전기,136.11,120.44,0.066
에멀젼C,비전기,142.13,131.94,0.038
에멀젼C,비전기,164.11,145.22,0.031
에멀젼C,비전기,164.11,145.22,0.035
에멀젼C,비전기,164.11,145.22,0.039
에멀젼C,비전기,164.11,145.22,0.037000000000000005
에멀젼C,비전기,166.63,154.68,0.03
에멀젼C,비전기,192.4,170.25,0.025
에멀젼C,비전기,192.4,170.25,0.027000000000000003
에멀젼C,비전기,192.4,170.25,0.027000000000000003
에멀젼C,비전기,166.63,154.68,0.027999999999999997
에멀젼C,비전기,193.65,197.49,0.013999999999999999
에멀젼C,비전기,192.99,196.82,0.018000000000000002
에멀젼C,비전기,193.75,197.59,0.016
에멀젼C,비전기,197.9,201.82,0.013999999999999999
에멀젼C,비전기,180.85,188.93,0.018000000000000002
에멀젼C,비전기,201.86,205.86,0.013000000000000001
에멀젼C,비전기,202.61,206.63,0.013999999999999999
에멀젼C,비전기,206.76,210.86,0.012
에멀젼C,비전기,201.86,205.86,0.012
에멀젼C,비전기,188.57,197.0,0.013000000000000001
에멀젼C,비전기,31.84,34.07,0.15
에멀젼C,비전기,35.07,35.77,0.21100000000000002
에멀젼C,비전기,43.88,41.82,0.125
에멀젼C,비전기,29.18,31.64,0.146
에멀젼C,비전기,37.19,38.85,0.152
에멀젼C,비전기,51.92,57.66,0.063
에멀젼C,비전기,63.26,64.52,0.08
에멀젼C,비전기,63.17,64.42,0.07400000000000001
에멀젼C,비전기,63.26,64.52,0.055999999999999994
에멀젼C,비전기,62.89,64.13,0.077
에멀젼C,비전기,80.75,86.4,0.038
에멀젼C,비전기,92.21,94.03,0.034
에멀젼C,비전기,92.3,94.13,0.036000000000000004
에멀젼C,비전기,96.45,98.36,0.034
에멀젼C,비전기,119.05,113.48,0.024
에멀젼C,비전기,105.25,112.6,0.025
에멀젼C,비전기,208.7,177.22,0.018000000000000002
에멀젼C,비전기,152.65,145.5,0.015
에멀젼C,비전기,146.65,139.78,0.019
에멀젼C,비전기,147.57,140.66,0.018000000000000002
에멀젼C,비전기,131.86,141.08,0.018000000000000002
에멀젼C,비전기,188.22,179.4,0.016
에멀젼C,비전기,188.33,179.51,0.017
에멀젼C,비전기,187.29,178.52,0.019
에멀젼C,비전기,188.22,179.4,0.016
에멀젼C,비전기,261.89,249.63,0.009000000000000001
에멀젼C,비전기,262.58,250.29,0.008
에멀젼C,비전기,214.02,218.26,0.008
에멀젼C,비전기,213.64,217.88,0.008
에멀젼C,비전기,215.34,219.61,0.006999999999999999
에멀젼C,비전기,33.39,35.73,0.151
에멀젼C,비전기,48.73,46.45,0.09
에멀젼C,비전기,53.17,47.37,0.09
에멀젼C,비전기,41.39,42.21,0.153
에멀젼C,비전기,39.41,40.19,0.142
에멀젼C,비전기,65.15,66.44,0.096
에멀젼C,비전기,83.25,79.36,0.065
에멀젼C,비전기,101.96,90.84,0.087
에멀젼C,비전기,103.66,92.35,0.039
에멀젼C,비전기,67.51,68.84,0.07
에멀젼C,비전기,92.96,94.8,0.031
에멀젼C,비전기,117.78,112.27,0.027000000000000003
에멀젼C,비전기,144.39,128.64,0.026000000000000002
에멀젼C,비전기,119.05,113.48,0.027999999999999997
에멀젼C,비전기,95.98,97.88,0.027999999999999997
에멀젼C,비전기,123.6,126.05,0.016
에멀젼C,비전기,188.37,167.82,0.013999999999999999
에멀젼C,비전기,123.6,126.05,0.023
에멀젼C,비전기,124.26,126.73,0.013000000000000001
에멀젼C,비전기,125.49,127.98,0.009000000000000001
에멀젼C,비전기,222.17,197.93,0.013000000000000001
에멀젼C,비전기,229.24,204.23,0.012
에멀젼C,비전기,151.23,154.22,0.026000000000000002
에멀젼C,비전기,153.21,156.24,0.017
에멀젼C,비전기,154.24,157.3,0.023
에멀젼C,비전기,47.47,64.69,0.11800000000000001
에멀젼C,비전기,40.07,57.79,0.122
에멀젼C,비전기,40.07,57.79,0.131
에멀젼C,비전기,40.03,57.74,0.258
에멀젼C,비전기,47.43,64.63,0.122
에멀젼C,비전기,59.29,80.79,0.10099999999999999
에멀젼C,비전기,59.29,80.79,0.109
에멀젼C,비전기,50.0,72.11,0.17600000000000002
에멀젼C,비전기,50.0,72.11,0.209
에멀젼C,비전기,59.29,80.79,0.13699999999999998
에멀젼C,비전기,111.8,135.72,0.039
에멀젼C,비전기,79.06,107.72,0.067
에멀젼C,비전기,66.67,96.15,0.105
에멀젼C,비전기,66.67,96.15,0.075
에멀젼C,비전기,79.06,107.72,0.096
에멀젼C,비전기,88.94,121.19,0.036000000000000004
에멀젼C,비전기,75.0,108.17,0.061
에멀젼C,비전기,88.94,121.19,0.04
에멀젼C,비전기,88.94,121.19,0.054000000000000006
에멀젼C,비전기,88.94,121.19,0.042
에멀젼C,비전기,98.82,134.65,0.02
에멀젼C,비전기,98.82,134.65,0.021
에멀젼C,비전기,83.33,120.19,0.076
에멀젼C,비전기,98.82,134.65,0.054000000000000006
에멀젼C,비전기,98.82,134.65,0.043
에멀젼C,비전기,118.59,161.58,0.022000000000000002
에멀젼C,비전기,100.0,144.22,0.054000000000000006
에멀젼C,비전기,100.0,144.22,0.045
에멀젼C,비전기,118.59,161.58,0.033
에멀젼C,비전기,118.59,161.58,0.039
에멀젼C,비전기,73.54,52.0,0.111
에멀젼C,비전기,70.71,50.0,0.076
에멀젼C,비전기,67.88,48.0,0.025
에멀젼C,비전기,76.37,54.0,0.059000000000000004
에멀젼C,비전기,84.85,60.0,0.055999999999999994
에멀젼C,비전기,82.02,58.0,0.046
에멀젼C,비전기,79.2,56.0,0.013999999999999999
에멀젼C,비전기,87.68,62.0,0.049
에멀젼C,비전기,113.14,80.0,0.040999999999999995
에멀젼C,비전기,110.31,78.0,0.032
에멀젼C,비전기,107.48,76.0,0.013999999999999999
에멀젼C,비전기,115.97,82.0,0.024
에멀젼C,비전기,155.56,110.0,0.037000000000000005
에멀젼C,비전기,152.74,108.0,0.022000000000000002
에멀젼C,비전기,149.91,106.0,0.013999999999999999
에멀젼C,비전기,183.85,130.0,0.025
에멀젼C,비전기,181.02,128.0,0.019
에멀젼C,비전기,178.19,126.0,0.011000000000000001
에멀젼C,비전기,186.68,132.0,0.018000000000000002
에멀젼C,비전기,101.82,72.0,0.043
에멀젼C,비전기,98.99,70.0,0.043
에멀젼C,비전기,96.17,68.0,0.019
에멀젼C,비전기,104.65,74.0,0.025
에멀젼C,비전기,30.4,24.13,0.22899999999999998
에멀젼C,비전기,30.4,24.13,0.317
에멀젼C,비전기,28.0,22.22,0.267
에멀젼C,비전기,28.0,22.22,0.305
에멀젼C,비전기,28.0,22.22,0.762
에멀젼C,비전기,28.0,22.22,0.698
에멀젼C,비전기,40.0,31.75,0.13699999999999998
에멀젼C,비전기,40.0,31.75,0.268
에멀젼C,비전기,38.0,30.16,0.24100000000000002
에멀젼C,비전기,38.0,30.16,0.243
에멀젼C,비전기,38.0,30.16,0.32899999999999996
에멀젼C,비전기,38.0,30.16,0.33
에멀젼C,비전기,50.0,39.69,0.11699999999999999
에멀젼C,비전기,50.0,39.69,0.151
에멀젼C,비전기,48.0,38.1,0.135
에멀젼C,비전기,48.0,38.1,0.129
에멀젼C,비전기,48.0,38.1,0.24
에멀젼C,비전기,48.0,38.1,0.221
에멀젼C,비전기,55.0,43.65,0.163
에멀젼C,비전기,55.0,43.65,0.038
에멀젼C,비전기,52.0,41.27,0.115
에멀젼C,비전기,52.0,41.27,0.109
에멀젼C,비전기,52.0,41.27,0.185
에멀젼C,비전기,52.0,41.27,0.24100000000000002
에멀젼C,비전기,59.0,46.83,0.14400000000000002
에멀젼C,비전기,59.0,46.83,0.054000000000000006
에멀젼C,비전기,56.0,44.45,0.122
에멀젼C,비전기,56.0,44.45,0.111
에멀젼C,비전기,56.0,44.45,0.163
에멀젼C,비전기,56.0,44.45,0.203
에멀젼C,비전기,101.4,80.48,0.023
에멀젼C,비전기,101.4,80.48,0.013000000000000001
에멀젼C,비전기,96.0,76.2,0.025
에멀젼C,비전기,96.0,76.2,0.038
에멀젼C,비전기,96.0,76.2,0.051
에멀젼C,비전기,96.0,76.2,0.08199999999999999
에멀젼C,비전기,106.6,84.61,0.027000000000000003
에멀젼C,비전기,106.6,84.61,0.021
에멀젼C,비전기,104.0,82.54,0.032
에멀젼C,비전기,104.0,82.54,0.035
에멀젼C,비전기,104.0,82.54,0.038
에멀젼C,비전기,104.0,82.54,0.048
에멀젼C,비전기,129.0,102.39,0.019
에멀젼C,비전기,129.0,102.39,0.011000000000000001
에멀젼C,비전기,126.0,100.01,0.021
에멀젼C,비전기,126.0,100.01,0.024
에멀젼C,비전기,126.0,100.01,0.03
에멀젼C,비전기,126.0,100.01,0.028999999999999998
에멀젼C,비전기,29.02,25.63,0.252
에멀젼C,비전기,21.94,20.91,0.37200000000000005
에멀젼C,비전기,29.7,26.46,0.18899999999999997
에멀젼C,비전기,36.27,32.04,0.44
에멀젼C,비전기,27.71,26.42,0.613
에멀젼C,비전기,36.77,32.76,0.377
에멀젼C,비전기,58.04,51.27,0.1
에멀젼C,비전기,45.03,42.93,0.134
에멀젼C,비전기,57.98,51.66,0.07200000000000001
에멀젼C,비전기,71.1,62.8,0.09300000000000001
에멀젼C,비전기,55.43,52.83,0.08800000000000001
에멀젼C,비전기,70.71,63.0,0.042
에멀젼C,비전기,74.0,65.36,0.08199999999999999
에멀젼C,비전기,57.74,55.03,0.067
에멀젼C,비전기,73.54,65.52,0.042
에멀젼C,비전기,72.55,64.08,0.09300000000000001
에멀젼C,비전기,56.58,53.93,0.11
에멀젼C,비전기,72.12,64.26,0.07400000000000001
에멀젼C,비전기,87.06,76.9,0.084
에멀젼C,비전기,68.13,64.94,0.134
에멀젼C,비전기,86.27,76.86,0.07
에멀젼C,비전기,101.57,89.72,0.086
에멀젼C,비전기,79.67,75.94,0.09300000000000001
에멀젼C,비전기,100.41,89.45,0.055999999999999994
에멀젼C,비전기,116.08,102.53,0.044000000000000004
에멀젼C,비전기,91.22,86.95,0.052000000000000005
에멀젼C,비전기,114.55,102.05,0.023
에멀젼C,비전기,145.1,128.16,0.055999999999999994
에멀젼C,비전기,114.32,108.96,0.08900000000000001
에멀젼C,비전기,142.84,127.25,0.025
에멀젼C,비전기,271.33,239.67,0.015
에멀젼C,비전기,214.77,204.72,0.012
에멀젼C,비전기,265.87,236.87,0.006999999999999999
에멀젼C,비전기,30.89,27.33,2.16
에멀젼C,비전기,30.04,25.79,2.93
에멀젼C,비전기,34.93,30.91,1.071
에멀젼C,비전기,47.78,42.27,0.266
에멀젼C,비전기,52.34,44.92,0.447
에멀젼C,비전기,48.21,42.66,0.325
에멀젼C,비전기,70.58,62.45,0.098
에멀젼C,비전기,77.32,66.37,0.127
에멀젼C,비전기,71.01,62.84,0.078
에멀젼C,비전기,96.42,85.32,0.076
에멀젼C,비전기,105.62,90.66,0.081
에멀젼C,비전기,96.71,85.57,0.081
에멀젼C,비전기,187.35,165.78,0.017
에멀젼C,비전기,205.55,176.44,0.019
에멀젼C,비전기,187.21,165.65,0.012
에멀젼C,비전기,217.37,192.34,0.017
에멀젼C,비전기,238.44,204.67,0.017
에멀젼C,비전기,217.23,192.22,0.013000000000000001
에멀젼C,비전기,236.42,209.2,0.012
에멀젼C,비전기,259.15,222.45,0.009000000000000001
에멀젼C,비전기,236.14,208.95,0.009000000000000001
에멀젼C,비전기,261.68,231.55,0.013999999999999999
에멀젼C,비전기,287.13,246.47,0.017
에멀젼C,비전기,261.54,231.43,0.017
에멀젼C,비전기,279.29,247.13,0.034
에멀젼C,비전기,306.42,263.03,0.034
에멀젼C,비전기,279.0,246.88,0.034
에멀젼C,비전기,58.75,51.98,0.12
에멀젼C,비전기,62.61,53.75,0.271
에멀젼C,비전기,60.48,53.51,0.129
에멀젼C,비전기,205.54,181.87,0.044000000000000004
에멀젼C,비전기,224.21,192.45,0.024
에멀젼C,비전기,206.26,182.51,0.02
에멀젼C,비전기,17.8,18.47,2.175
에멀젼C,비전기,75.76,78.63,0.023
에멀젼C,비전기,69.59,72.22,0.054000000000000006
에멀젼C,비전기,16.1,16.71,1.9880000000000002
에멀젼C,비전기,36.4,37.78,0.24600000000000002
에멀젼C,비전기,47.76,49.57,0.132
에멀젼C,비전기,76.92,79.84,0.168
에멀젼C,비전기,84.61,87.82,0.07200000000000001
에멀젼C,비전기,89.8,93.2,0.1
에멀젼C,비전기,98.57,102.3,0.059000000000000004
에멀젼C,비전기,138.73,143.98,0.042
에멀젼C,비전기,20.66,23.9,0.552
에멀젼C,비전기,24.51,26.5,0.514
에멀젼C,비전기,23.72,25.65,0.502
에멀젼C,비전기,20.66,23.9,1.092
에멀젼C,비전기,26.52,27.63,0.495
에멀젼C,비전기,32.5,38.01,0.248
에멀젼C,비전기,32.92,38.09,0.28600000000000003
에멀젼C,비전기,32.27,37.35,0.26
에멀젼C,비전기,30.8,36.68,0.21
에멀젼C,비전기,31.88,37.28,0.22899999999999998
에멀젼C,비전기,45.18,52.28,0.244
에멀젼C,비전기,45.83,53.03,0.23399999999999999
에멀젼C,비전기,63.64,66.31,0.156
에멀젼C,비전기,42.65,50.78,0.166
에멀젼C,비전기,44.69,52.27,0.17300000000000001
에멀젼C,비전기,54.87,63.49,0.237
에멀젼C,비전기,56.16,64.98,0.195
에멀젼C,비전기,51.53,61.36,0.19
에멀젼C,비전기,53.75,62.87,0.22
에멀젼C,비전기,54.38,63.6,0.22
에멀젼C,비전기,65.63,76.76,0.129
에멀젼C,비전기,66.88,78.22,0.129
에멀젼C,비전기,83.8,90.63,0.12
에멀젼C,비전기,62.79,74.76,0.134
에멀젼C,비전기,66.88,78.22,0.1
에멀젼C,비전기,85.63,100.15,0.028999999999999998
에멀젼C,비전기,80.56,95.92,0.028999999999999998
에멀젼C,비전기,85.63,100.15,0.034
에멀젼C,비전기,84.38,98.69,0.044000000000000004
에멀젼C,비전기,121.09,126.18,0.032
에멀젼C,비전기,101.25,118.42,0.013000000000000001
에멀젼C,비전기,101.25,118.42,0.013000000000000001
에멀젼C,비전기,128.07,138.51,0.011000000000000001
에멀젼C,비전기,103.93,120.25,0.013000000000000001
에멀젼C,비전기,101.25,118.42,0.01
에멀젼C,비전기,95.6,110.62,0.087
에멀젼C,비전기,95.6,110.62,0.067
에멀젼C,비전기,87.73,104.46,0.07
에멀젼C,비전기,91.25,106.73,0.059000000000000004
에멀젼C,비전기,91.88,107.46,0.09
에멀젼C,비전기,61.24,65.52,0.375
에멀젼C,비전기,55.5,61.63,0.442
에멀젼C,비전기,55.87,62.04,0.409
에멀젼C,비전기,48.07,56.0,0.409
에멀젼C,비전기,49.14,57.25,0.342
에멀젼C,비전기,83.94,89.8,0.10800000000000001
에멀젼C,비전기,74.49,82.72,0.159
에멀젼C,비전기,74.49,82.72,0.146
에멀젼C,비전기,63.88,74.42,0.203
에멀젼C,비전기,58.77,70.58,0.165
에멀젼C,비전기,104.18,111.47,0.083
에멀젼C,비전기,92.02,102.18,0.114
에멀젼C,비전기,92.75,102.99,0.114
에멀젼C,비전기,91.29,101.37,0.127
에멀젼C,비전기,80.51,93.8,0.102
에멀젼C,비전기,124.11,132.78,0.046
에멀젼C,비전기,96.51,112.44,0.055999999999999994
에멀젼C,비전기,95.5,111.26,0.075
에멀젼C,비전기,88.1,105.81,0.044000000000000004
에멀젼C,비전기,107.9,121.12,0.044000000000000004
에멀젼C,비전기,145.01,155.15,0.03
에멀젼C,비전기,144.52,154.62,0.03
에멀젼C,비전기,127.8,141.92,0.054000000000000006
에멀젼C,비전기,128.53,142.73,0.043
에멀젼C,비전기,111.63,130.05,0.037000000000000005
에멀젼C,비전기,115.97,130.17,0.084
에멀젼C,비전기,141.15,148.39,0.084
에멀젼C,비전기,120.43,133.73,0.057
에멀젼C,비전기,147.13,152.71,0.06
에멀젼C,비전기,133.09,142.39,0.087
에멀젼C,비전기,163.3,174.72,0.064
에멀젼C,비전기,145.33,161.38,0.079
에멀젼C,비전기,141.42,158.74,0.019
에멀젼C,비전기,156.5,169.69,0.022000000000000002
에멀젼C,비전기,156.5,169.69,0.022000000000000002
에멀젼C,비전기,225.35,241.11,0.016
에멀젼C,비전기,226.82,242.68,0.011000000000000001
에멀젼C,비전기,226.82,242.68,0.008
에멀젼C,비전기,226.17,241.98,0.011000000000000001
에멀젼C,비전기,226.17,241.98,0.013000000000000001
에멀젼C,비전기,35.36,42.17,0.40399999999999997
에멀젼C,비전기,38.08,44.07,0.24600000000000002
에멀젼C,비전기,48.33,51.36,0.256
에멀젼C,비전기,44.02,49.08,0.368
에멀젼C,비전기,41.25,49.2,0.302
에멀젼C,비전기,44.54,51.54,0.14800000000000002
에멀젼C,비전기,56.67,60.22,0.09699999999999999
에멀젼C,비전기,51.24,57.12,0.263
에멀젼C,비전기,47.14,56.23,0.177
에멀젼C,비전기,50.99,59.01,0.154
에멀젼C,비전기,65.0,69.07,0.16399999999999998
에멀젼C,비전기,58.46,65.17,0.154
에멀젼C,비전기,53.03,63.26,0.136
에멀젼C,비전기,57.45,66.47,0.091
에멀젼C,비전기,73.33,77.93,0.10099999999999999
에멀젼C,비전기,65.67,73.22,0.083
에멀젼C,비전기,58.93,70.29,0.079
에멀젼C,비전기,63.9,73.94,0.069
에멀젼C,비전기,81.67,86.78,0.064
에멀젼C,비전기,72.89,81.26,0.069
에멀젼C,비전기,176.78,210.86,0.032
에멀젼C,비전기,193.0,223.32,0.038
에멀젼C,비전기,248.33,263.89,0.024
에멀젼C,비전기,217.23,242.18,0.02
에멀젼C,비전기,73.7,77.29,0.15
에멀젼C,비전기,71.1,74.56,0.15
에멀젼C,비전기,65.03,68.2,0.12
에멀젼C,비전기,65.9,69.11,0.15
에멀젼C,비전기,66.77,70.02,0.12
에멀젼C,비전기,52.89,55.47,0.102
에멀젼C,비전기,52.03,54.56,0.1
에멀젼C,비전기,52.03,54.56,0.12
에멀젼C,비전기,58.96,61.83,0.12
에멀젼C,비전기,62.43,65.47,0.1
에멀젼C,비전기,56.36,59.11,0.1
에멀젼C,비전기,52.89,55.47,0.1
에멀젼C,비전기,82.71,61.5,0.35
에멀젼C,비전기,72.98,54.26,0.66
에멀젼C,비전기,46.22,34.37,0.63
에멀젼C,비전기,34.06,25.32,1.19
에멀젼C,비전기,51.08,37.98,0.6
에멀젼C,비전기,82.71,61.5,0.1
에멀젼C,비전기,75.41,56.07,0.43
에멀젼C,비전기,72.98,54.26,0.6
에멀젼C,비전기,53.52,39.79,0.3
에멀젼C,비전기,38.92,28.94,0.96
에멀젼C,비전기,41.35,30.75,0.88
에멀젼C,비전기,51.08,37.98,0.295
에멀젼C,비전기,32.33,30.82,0.38
에멀젼C,비전기,39.84,37.97,0.17
에멀젼C,비전기,35.8,34.12,0.27
에멀젼C,비전기,34.06,32.47,0.22
에멀젼C,비전기,30.02,28.62,0.53
에멀젼C,비전기,45.03,42.93,0.1
에멀젼C,비전기,35.8,34.12,0.35
에멀젼C,비전기,40.41,38.52,0.68
에멀젼C,비전기,32.91,31.37,0.4
에멀젼C,비전기,37.41,35.66,0.38
에멀젼C,비전기,40.76,38.85,0.27
에멀젼C,비전기,28.87,27.52,0.764
에멀젼C,비전기,31.18,29.72,0.721
에멀젼C,비전기,32.91,31.37,0.22
에멀젼C,비전기,32.33,30.82,0.12
에멀젼C,비전기,29.44,28.07,0.3
에멀젼C,비전기,27.14,25.87,0.43
에멀젼C,비전기,25.4,24.21,0.5
에멀젼C,비전기,41.34,39.4,0.3
에멀젼C,비전기,42.95,40.94,0.48
에멀젼C,비전기,46.19,44.03,0.38
에멀젼C,비전기,49.77,47.44,0.12
에멀젼C,비전기,27.71,26.42,0.34600000000000003
에멀젼C,비전기,25.4,24.21,0.603
에멀젼C,비전기,75.8,60.16,0.2
에멀젼C,비전기,69.4,55.08,0.25
에멀젼C,비전기,66.0,52.38,0.12
에멀젼C,비전기,49.99,41.45,0.12
에멀젼C,비전기,76.8,60.96,0.5
에멀젼C,비전기,56.14,50.02,0.12
에멀젼C,비전기,54.16,48.25,0.15
에멀젼C,비전기,46.53,41.45,0.22
에멀젼C,비전기,50.52,41.89,0.17
에멀젼C,비전기,47.01,38.98,0.191
에멀젼C,비전기,79.02,62.72,0.25
에멀젼C,비전기,89.6,71.12,0.2
에멀젼C,비전기,78.0,61.91,0.27
에멀젼C,비전기,83.6,66.35,0.27
에멀젼C,비전기,94.8,75.24,0.2
에멀젼C,비전기,76.8,60.96,0.33
에멀젼C,비전기,101.4,80.48,0.15
에멀젼C,비전기,97.42,77.32,0.25
에멀젼C,비전기,103.2,81.91,0.2
에멀젼C,비전기,105.0,83.34,0.2
