뇌관,암석분류,SR SD,CR SD,최대입자속도
전자,화성암,70.71,58.48,0.124
전자,화성암,68.94,57.02,0.141
전자,화성암,71.18,57.74,0.124
전자,화성암,64.83,55.65,0.18899999999999997
전자,화성암,106.07,87.72,0.027000000000000003
전자,화성암,104.3,86.26,0.044000000000000004
전자,화성암,108.64,88.13,0.033
전자,화성암,96.45,82.79,0.035
전자,화성암,141.42,116.96,0.021
전자,화성암,139.65,115.5,0.038
전자,화성암,146.11,118.53,0.028999999999999998
전자,화성암,128.07,109.93,0.024
전자,화성암,176.78,146.2,0.019
전자,화성암,175.01,144.74,0.027000000000000003
전자,화성암,183.57,148.92,0.021
전자,화성암,159.7,137.08,0.019
전자,화성암,215.67,178.37,0.006999999999999999
전자,화성암,213.9,176.9,0.019
전자,화성암,224.78,182.35,0.013999999999999999
전자,화성암,194.48,166.94,0.012
전자,화성암,263.4,217.84,0.009000000000000001
전자,화성암,261.63,216.38,0.023
전자,화성암,275.36,223.38,0.015
전자,화성암,237.17,203.58,0.017
전자,화성암,268.7,222.23,0.008
전자,화성암,266.93,220.76,0.013000000000000001
전자,화성암,280.98,227.93,0.01
전자,화성암,241.91,207.65,0.006999999999999999
전자,화성암,319.97,264.62,0.01
전자,화성암,318.2,263.16,0.017
전자,화성암,335.3,272.0,0.016
전자,화성암,287.77,247.01,0.008
전자,화성암,40.82,34.67,0.37
전자,화성암,48.99,41.6,0.452
전자,화성암,58.79,49.92,0.187
전자,화성암,45.72,38.83,0.384
전자,화성암,70.22,59.63,0.31
전자,화성암,238.42,202.46,0.016
전자,화성암,181.26,153.93,0.022000000000000002
전자,화성암,75.12,63.79,0.264
전자,화성암,130.64,110.94,0.038
전자,화성암,181.26,153.93,0.03
전자,화성암,207.39,176.11,0.03
전자,화성암,42.46,36.05,0.452
전자,화성암,57.15,48.54,0.483
전자,화성암,63.69,54.08,0.36700000000000005
전자,화성암,58.79,49.92,0.322
전자,화성암,215.56,183.05,0.019
전자,화성암,209.02,177.5,0.024
전자,화성암,102.88,87.36,0.067
전자,화성암,143.7,122.03,0.055999999999999994
전자,화성암,164.93,140.06,0.039
전자,화성암,136.94,105.15,0.018000000000000002
전자,화성암,79.51,61.05,0.095
전자,화성암,92.76,71.23,0.065
전자,화성암,75.09,57.66,0.087
전자,화성암,103.81,79.71,0.07
전자,화성암,114.85,88.19,0.035
전자,화성암,132.52,101.76,0.064
전자,화성암,245.16,188.25,0.022000000000000002
전자,화성암,256.2,196.73,0.019
전자,화성암,265.04,203.52,0.013999999999999999
전자,화성암,99.17,76.15,0.059000000000000004
전자,화성암,100.27,77.0,0.052000000000000005
전자,화성암,109.33,83.95,0.075
전자,화성암,96.08,73.77,0.071
전자,화성암,104.91,80.56,0.021
전자,화성암,94.97,72.93,0.025
전자,화성암,109.11,83.78,0.03
전자,화성암,143.12,109.9,0.016
전자,화성암,253.11,194.36,0.013999999999999999
전자,화성암,100.27,77.0,0.038
전자,화성암,101.82,78.18,0.049
전자,화성암,110.65,84.97,0.049
전자,화성암,96.52,74.11,0.055999999999999994
전자,화성암,103.36,79.37,0.022000000000000002
전자,화성암,93.43,71.74,0.019
전자,화성암,108.0,82.93,0.033
전자,화성암,141.35,108.54,0.018000000000000002
전자,화성암,106.6,84.61,0.027000000000000003
전자,화성암,99.2,78.74,0.04
전자,화성암,104.6,83.02,0.022000000000000002
전자,화성암,103.2,81.91,0.032
전자,화성암,102.8,81.59,0.025
전자,화성암,129.0,102.39,0.022000000000000002
전자,화성암,146.6,116.36,0.018000000000000002
전자,화성암,122.7,83.59,0.10800000000000001
전자,화성암,145.46,99.1,0.156
전자,화성암,178.04,121.29,0.051
전자,화성암,79.0,62.27,0.17300000000000001
전자,화성암,95.73,75.47,0.157
전자,화성암,118.19,93.17,0.051
전자,화성암,79.0,62.27,0.135
전자,화성암,96.55,76.11,0.133
전자,화성암,119.82,94.46,0.051
전자,화성암,99.0,78.04,0.033
전자,화성암,79.0,62.27,0.141
전자,화성암,97.57,76.92,0.157
전자,화성암,121.45,95.74,0.064
전자,화성암,80.22,63.24,0.078
전자,화성암,77.57,61.15,0.127
전자,화성암,77.57,61.15,0.10800000000000001
전자,화성암,99.2,78.2,0.13699999999999998
전자,화성암,79.81,62.92,0.18100000000000002
전자,화성암,77.36,60.99,0.11599999999999999
전자,화성암,77.16,60.83,0.114
전자,화성암,100.02,78.85,0.245
전자,화성암,91.24,71.93,0.044000000000000004
전자,화성암,79.4,62.6,0.091
전자,화성암,77.57,61.15,0.14
전자,화성암,100.84,79.49,0.18899999999999997
전자,화성암,92.8,73.66,0.055999999999999994
전자,화성암,77.4,61.43,0.1
전자,화성암,75.8,60.16,0.122
전자,화성암,99.8,79.21,0.121
전자,화성암,75.4,59.85,0.16
전자,화성암,90.8,72.07,0.138
전자,화성암,106.0,84.13,0.13
전자,화성암,92.75,78.77,0.035
전자,화성암,80.67,68.5,0.038
전자,화성암,62.71,53.25,0.067
전자,화성암,85.24,72.39,0.028999999999999998
전자,화성암,90.47,76.82,0.035
전자,화성암,78.71,66.84,0.062
전자,화성암,62.54,53.11,0.052000000000000005
전자,화성암,88.39,73.1,0.102
전자,화성암,86.62,71.64,0.114
전자,화성암,89.91,72.94,0.102
전자,화성암,80.64,69.22,0.12
전자,화성암,123.74,102.34,0.033
전자,화성암,121.98,100.88,0.049
전자,화성암,127.38,103.33,0.04
전자,화성암,110.68,95.0,0.022000000000000002
전자,화성암,159.1,131.58,0.027000000000000003
전자,화성암,157.33,130.12,0.032
전자,화성암,164.84,133.72,0.022000000000000002
전자,화성암,143.88,123.51,0.024
전자,화성암,185.62,153.51,0.024
전자,화성암,183.85,152.05,0.032
전자,화성암,192.94,156.51,0.028999999999999998
전자,화성암,167.6,143.86,0.01
전자,화성암,252.79,209.07,0.013999999999999999
전자,화성암,251.02,207.61,0.016
전자,화성암,264.12,214.26,0.013000000000000001
전자,화성암,227.68,195.44,0.008
전자,화성암,438.41,362.58,0.012
전자,화성암,436.64,361.12,0.01
전자,화성암,460.8,373.81,0.012
전자,화성암,393.7,337.94,0.012
전자,화성암,503.81,416.67,0.015
전자,화성암,502.05,415.21,0.015
전자,화성암,530.11,430.04,0.015
전자,화성암,452.21,388.16,0.012
전자,화성암,88.39,73.1,0.102
전자,화성암,86.62,71.64,0.08900000000000001
전자,화성암,89.91,72.94,0.102
전자,화성암,80.64,69.22,0.127
전자,화성암,123.74,102.34,0.051
전자,화성암,121.98,100.88,0.051
전자,화성암,127.38,103.33,0.038
전자,화성암,112.26,96.36,0.013000000000000001
전자,화성암,159.1,131.58,0.028999999999999998
전자,화성암,157.33,130.12,0.043
전자,화성암,164.84,133.72,0.025
전자,화성암,143.88,123.51,0.006
전자,화성암,185.62,153.51,0.038
전자,화성암,183.85,152.05,0.037000000000000005
전자,화성암,192.94,156.51,0.022000000000000002
전자,화성암,167.6,143.86,0.021
전자,화성암,251.02,207.61,0.03
전자,화성암,249.26,206.14,0.028999999999999998
전자,화성암,262.24,212.74,0.019
전자,화성암,226.1,194.08,0.008
전자,화성암,440.17,364.04,0.012
전자,화성암,438.41,362.58,0.013999999999999999
전자,화성암,462.67,375.33,0.012
전자,화성암,395.28,339.3,0.015
전자,화성암,503.81,416.67,0.015
전자,화성암,502.05,415.21,0.015
전자,화성암,530.11,430.04,0.015
전자,화성암,452.21,388.16,0.012
전자,화성암,53.75,49.9,0.435
전자,화성암,77.5,71.94,0.142
전자,화성암,90.0,83.55,0.11599999999999999
전자,화성암,150.0,139.25,0.057
전자,화성암,227.5,211.19,0.023
전자,화성암,375.0,348.12,0.011000000000000001
전자,화성암,38.89,32.16,0.184
전자,화성암,74.25,61.4,0.08800000000000001
전자,화성암,114.9,95.03,0.032
전자,화성암,88.39,73.1,0.043
전자,화성암,173.24,143.28,0.022000000000000002
전자,화성암,167.94,138.89,0.027000000000000003
전자,화성암,30.02,22.71,0.24100000000000002
전자,화성암,27.71,20.97,0.22899999999999998
전자,화성암,23.19,18.09,0.24100000000000002
전자,화성암,32.33,24.46,0.17800000000000002
전자,화성암,78.52,59.4,0.057999999999999996
전자,화성암,76.21,57.66,0.102
전자,화성암,67.46,52.61,0.095
전자,화성암,80.83,61.15,0.079
전자,화성암,92.38,69.89,0.04
전자,화성암,90.07,68.14,0.084
전자,화성암,80.11,62.48,0.067
전자,화성암,94.69,71.63,0.052000000000000005
전자,화성암,115.47,87.36,0.033
전자,화성암,113.16,85.61,0.049
전자,화성암,101.19,78.92,0.040999999999999995
전자,화성암,117.78,89.11,0.051
전자,화성암,124.71,94.35,0.075
전자,화성암,122.4,92.6,0.095
전자,화성암,109.63,85.5,0.013999999999999999
전자,화성암,127.02,96.09,0.07
전자,화성암,138.56,104.83,0.022000000000000002
전자,화성암,136.25,103.08,0.024
전자,화성암,122.27,95.36,0.025
전자,화성암,140.87,106.58,0.024
전자,화성암,242.49,183.45,0.011000000000000001
전자,화성암,240.18,181.7,0.011000000000000001
전자,화성암,217.14,169.35,0.003
전자,화성암,244.8,185.2,0.002
전자,화성암,256.34,193.93,0.016
전자,화성암,254.03,192.19,0.016
전자,화성암,229.79,179.21,0.016
전자,화성암,258.65,195.68,0.027000000000000003
전자,화성암,355.65,269.06,0.021
전자,화성암,353.34,267.32,0.024
전자,화성암,320.44,249.91,0.003
전자,화성암,357.96,270.81,0.003
전자,화성암,607.37,459.5,0.004
전자,화성암,605.06,457.76,0.006
전자,화성암,550.24,429.12,0.006999999999999999
전자,화성암,609.68,461.25,0.006999999999999999
전자,화성암,25.5,18.79,0.34299999999999997
전자,화성암,23.0,16.95,0.419
전자,화성암,30.0,22.1,0.152
전자,화성암,35.0,25.79,0.34299999999999997
전자,화성암,32.5,23.95,0.381
전자,화성암,40.0,29.47,0.22899999999999998
전자,화성암,101.25,74.6,0.064
전자,화성암,98.75,72.76,0.049
전자,화성암,102.5,75.52,0.439
전자,화성암,150.0,110.52,0.016
전자,화성암,147.5,108.68,0.048
전자,화성암,145.0,106.84,0.051
전자,화성암,152.5,112.36,0.03
전자,화성암,175.0,128.94,0.021
전자,화성암,172.5,127.1,0.037000000000000005
전자,화성암,170.0,125.26,0.037000000000000005
전자,화성암,177.5,130.78,0.024
전자,화성암,200.0,147.36,0.022000000000000002
전자,화성암,197.5,145.52,0.033
전자,화성암,195.0,143.68,0.035
전자,화성암,202.5,149.2,0.019
전자,화성암,222.5,163.94,0.032
전자,화성암,220.0,162.1,0.027000000000000003
전자,화성암,227.5,167.62,0.022000000000000002
전자,화성암,56.58,53.93,0.235
전자,화성암,73.9,70.44,0.261
전자,화성암,91.22,86.95,0.268
전자,화성암,108.54,103.46,0.22899999999999998
전자,화성암,125.86,119.97,0.162
전자,화성암,143.18,136.48,0.156
전자,화성암,160.5,152.99,0.17600000000000002
전자,화성암,185.91,177.2,0.040999999999999995
전자,화성암,56.58,53.93,0.048
전자,화성암,73.9,70.44,0.031
전자,화성암,91.22,86.95,0.024
전자,화성암,108.54,103.46,0.038
전자,화성암,125.86,119.97,0.016
전자,화성암,143.18,136.48,0.015
전자,화성암,160.5,152.99,0.011000000000000001
전자,화성암,183.6,175.0,0.009000000000000001
전자,화성암,152.16,146.61,0.031
전자,화성암,124.24,128.08,0.05
전자,화성암,157.15,149.8,0.028999999999999998
전자,화성암,180.12,173.54,0.023
전자,화성암,180.12,173.54,0.021
전자,화성암,147.06,151.6,0.027000000000000003
전자,화성암,208.07,200.47,0.02
전자,화성암,208.07,200.47,0.021
전자,화성암,208.07,200.47,0.017
전자,화성암,49.64,42.16,0.8290000000000001
전자,화성암,49.64,42.16,0.932
전자,화성암,49.64,42.16,0.799
전자,화성암,60.8,48.26,0.701
전자,화성암,49.64,42.16,0.866
전자,화성암,130.64,110.94,0.068
전자,화성암,130.64,110.94,0.075
전자,화성암,160.0,126.99,0.091
전자,화성암,130.64,110.94,0.095
전자,화성암,130.64,110.94,0.1
전자,화성암,179.63,152.54,0.021
전자,화성암,179.63,152.54,0.032
전자,화성암,179.63,152.54,0.02
전자,화성암,179.63,152.54,0.022000000000000002
전자,화성암,220.0,174.61,0.016
전자,화성암,212.29,180.27,0.011000000000000001
전자,화성암,212.29,180.27,0.017
전자,화성암,212.29,180.27,0.012
전자,화성암,212.29,180.27,0.013000000000000001
전자,화성암,212.29,180.27,0.015
전자,화성암,245.11,208.15,0.01
전자,화성암,245.11,208.15,0.013000000000000001
전자,화성암,245.11,208.15,0.009000000000000001
전자,화성암,245.11,208.15,0.012
전자,화성암,300.2,238.27,0.01
전자,화성암,277.77,235.88,0.011000000000000001
전자,화성암,277.77,235.88,0.01
전자,화성암,277.77,235.88,0.013000000000000001
전자,화성암,277.77,235.88,0.011000000000000001
전자,화성암,277.77,235.88,0.01
전자,화성암,100.0,73.68,0.025
전자,화성암,97.5,71.84,0.068
전자,화성암,95.0,70.0,0.068
전자,화성암,102.5,75.52,0.032
전자,화성암,125.0,92.1,0.019
전자,화성암,122.5,90.26,0.033
전자,화성암,120.0,88.42,0.028999999999999998
전자,화성암,127.5,93.94,0.025
전자,화성암,150.0,110.52,0.024
전자,화성암,147.5,108.68,0.033
전자,화성암,145.0,106.84,0.006
전자,화성암,152.5,112.36,0.006
전자,화성암,175.0,128.94,0.024
전자,화성암,172.5,127.1,0.028999999999999998
전자,화성암,170.0,125.26,0.01
전자,화성암,177.5,130.78,0.006
전자,화성암,200.0,147.36,0.019
전자,화성암,197.5,145.52,0.027000000000000003
전자,화성암,195.0,143.68,0.008
전자,화성암,202.5,149.2,0.006
전자,화성암,57.5,42.37,0.071
전자,화성암,55.0,40.52,0.114
전자,화성암,52.5,38.68,0.08900000000000001
전자,화성암,60.0,44.21,0.044000000000000004
전자,화성암,400.0,294.72,0.015
전자,화성암,397.5,292.88,0.015
전자,화성암,395.0,291.04,0.012
전자,화성암,402.5,296.56,0.012
전자,화성암,430.0,316.83,0.012
전자,화성암,427.5,314.98,0.022000000000000002
전자,화성암,425.0,313.14,0.027000000000000003
전자,화성암,432.5,318.67,0.015
전자,화성암,44.72,34.2,0.153
전자,화성암,42.49,32.49,0.337
전자,화성암,40.25,30.78,0.289
전자,화성암,46.96,35.91,0.091
전자,화성암,55.9,42.75,0.09699999999999999
전자,화성암,53.67,41.04,0.09699999999999999
전자,화성암,51.43,39.33,0.051
전자,화성암,58.14,44.46,0.011000000000000001
전자,화성암,89.44,68.4,0.040999999999999995
전자,화성암,87.21,66.69,0.085
전자,화성암,84.97,64.98,0.064
전자,화성암,91.68,70.11,0.012
전자,화성암,109.57,83.79,0.040999999999999995
전자,화성암,107.33,82.08,0.054000000000000006
전자,화성암,105.1,80.37,0.042
전자,화성암,111.8,85.5,0.026000000000000002
전자,화성암,114.04,87.21,0.038
전자,화성암,111.8,85.5,0.049
전자,화성암,109.57,83.79,0.038
전자,화성암,116.28,88.92,0.017
전자,화성암,111.8,85.5,0.045
전자,화성암,109.57,83.79,0.049
전자,화성암,107.33,82.08,0.048
전자,화성암,114.04,87.21,0.021
전자,화성암,134.16,102.6,0.035
전자,화성암,131.93,100.89,0.039
전자,화성암,129.69,99.18,0.02
전자,화성암,136.4,104.31,0.009000000000000001
전자,화성암,156.52,119.7,0.02
전자,화성암,154.29,117.99,0.02
전자,화성암,152.05,116.28,0.016
전자,화성암,158.76,121.41,0.004
전자,화성암,178.89,136.8,0.018000000000000002
전자,화성암,176.65,135.09,0.018000000000000002
전자,화성암,174.41,133.38,0.013000000000000001
전자,화성암,181.12,138.51,0.002
전자,화성암,223.61,171.0,0.013999999999999999
전자,화성암,221.37,169.29,0.019
전자,화성암,219.13,167.58,0.013000000000000001
전자,화성암,225.84,172.71,0.005
전자,화성암,50.0,36.84,0.225
전자,화성암,47.5,35.0,0.43700000000000006
전자,화성암,39.76,30.53,0.47600000000000003
전자,화성암,52.5,38.68,0.289
전자,화성암,75.0,55.26,0.071
전자,화성암,72.5,53.42,0.121
전자,화성암,61.84,47.49,0.225
전자,화성암,77.5,57.1,0.11900000000000001
전자,화성암,87.5,64.47,0.084
전자,화성암,85.0,62.63,0.12300000000000001
전자,화성암,72.88,55.97,0.171
전자,화성암,90.0,66.31,0.09699999999999999
전자,화성암,125.0,92.1,0.040999999999999995
전자,화성암,122.5,90.26,0.067
전자,화성암,106.01,81.41,0.10300000000000001
전자,화성암,127.5,93.94,0.057
전자,화성암,155.0,114.2,0.027999999999999997
전자,화성암,152.5,112.36,0.052000000000000005
전자,화성암,132.52,101.76,0.06
전자,화성암,157.5,116.05,0.034
전자,화성암,187.5,138.15,0.044000000000000004
전자,화성암,185.0,136.31,0.062
전자,화성암,161.23,123.81,0.084
전자,화성암,190.0,139.99,0.049
전자,화성암,225.0,165.78,0.013999999999999999
전자,화성암,222.5,163.94,0.021
전자,화성암,194.36,149.24,0.005
전자,화성암,227.5,167.62,0.006
전자,화성암,87.5,64.47,0.064
전자,화성암,69.4,54.71,0.203
전자,화성암,72.88,55.97,0.114
전자,화성암,73.48,57.93,0.038
전자,화성암,125.0,92.1,0.051
전자,화성암,100.02,78.85,0.114
전자,화성암,106.01,81.41,0.013000000000000001
전자,화성암,104.1,82.07,0.013000000000000001
전자,화성암,150.0,110.52,0.021
전자,화성암,120.43,94.94,0.044000000000000004
전자,화성암,128.1,98.37,0.037000000000000005
전자,화성암,124.52,98.16,0.016
전자,화성암,175.0,128.94,0.024
전자,화성암,140.85,111.03,0.043
전자,화성암,150.19,115.33,0.018000000000000002
전자,화성암,144.93,114.25,0.013000000000000001
전자,화성암,200.0,147.36,0.018000000000000002
전자,화성암,161.26,127.12,0.024
전자,화성암,172.27,132.28,0.006
전자,화성암,165.34,130.34,0.006
전자,화성암,225.0,165.78,0.018000000000000002
전자,화성암,181.67,143.21,0.013000000000000001
전자,화성암,194.36,149.24,0.005
전자,화성암,185.75,146.43,0.005
전자,화성암,250.0,184.2,0.016
전자,화성암,202.08,159.31,0.008
전자,화성암,216.45,166.2,0.006
전자,화성암,206.17,162.52,0.006
전자,화성암,100.0,73.68,0.076
전자,화성암,79.61,62.76,0.10300000000000001
전자,화성암,71.18,57.74,0.064
전자,화성암,83.69,65.98,0.071
전자,화성암,125.0,92.1,0.04
전자,화성암,100.02,78.85,0.051
전자,화성암,89.91,72.94,0.033
전자,화성암,104.1,82.07,0.038
전자,화성암,150.0,110.52,0.032
전자,화성암,120.43,94.94,0.055999999999999994
전자,화성암,108.64,88.13,0.028999999999999998
전자,화성암,124.52,98.16,0.028999999999999998
전자,화성암,175.0,128.94,0.024
전자,화성암,140.85,111.03,0.052000000000000005
전자,화성암,127.38,103.33,0.040999999999999995
전자,화성암,144.93,114.25,0.037000000000000005
전자,화성암,200.0,147.36,0.024
전자,화성암,161.26,127.12,0.04
전자,화성암,146.11,118.53,0.024
전자,화성암,165.34,130.34,0.028999999999999998
전자,화성암,225.0,165.78,0.018000000000000002
전자,화성암,181.67,143.21,0.024
전자,화성암,164.84,133.72,0.013999999999999999
전자,화성암,185.75,146.43,0.019
전자,화성암,255.0,187.89,0.01
전자,화성암,206.17,162.52,0.016
전자,화성암,187.32,151.96,0.013999999999999999
전자,화성암,210.25,165.74,0.013999999999999999
전자,화성암,310.0,228.41,0.01
전자,화성암,251.07,197.93,0.013999999999999999
전자,화성암,228.53,185.39,0.013000000000000001
전자,화성암,255.16,201.14,0.01
전자,화성암,262.5,193.41,0.01
전자,화성암,212.29,167.35,0.028999999999999998
전자,화성암,192.94,156.51,0.017
전자,화성암,216.37,170.57,0.027000000000000003
전자,화성암,67.5,49.73,0.17
전자,화성암,65.0,47.89,0.125
전자,화성암,55.22,42.4,0.244
전자,화성암,70.0,51.58,0.078
전자,화성암,80.0,58.94,0.113
전자,화성암,77.5,57.1,0.09
전자,화성암,66.26,50.88,0.1
전자,화성암,82.5,60.79,0.076
전자,화성암,92.5,68.15,0.046
전자,화성암,90.0,66.31,0.027000000000000003
전자,화성암,77.3,59.36,0.04
전자,화성암,95.0,70.0,0.022000000000000002
전자,화성암,115.0,84.73,0.040999999999999995
전자,화성암,112.5,82.89,0.032
전자,화성암,97.18,74.62,0.071
전자,화성암,117.5,86.57,0.028999999999999998
전자,화성암,137.5,101.31,0.027000000000000003
전자,화성암,135.0,99.47,0.028999999999999998
전자,화성암,117.06,89.89,0.048
전자,화성암,140.0,103.15,0.024
전자,화성암,212.5,156.57,0.019
전자,화성암,210.0,154.73,0.022000000000000002
전자,화성암,183.32,140.76,0.028999999999999998
전자,화성암,215.0,158.41,0.024
전자,화성암,80.0,63.5,0.051
전자,화성암,78.0,61.91,0.151
전자,화성암,80.11,62.48,0.10300000000000001
전자,화성암,82.0,65.08,0.081
전자,화성암,110.0,87.31,0.021
전자,화성암,108.0,85.72,0.051
전자,화성암,111.73,87.14,0.040999999999999995
전자,화성암,112.0,88.89,0.033
전자,화성암,140.0,111.12,0.016
전자,화성암,138.0,109.53,0.037000000000000005
전자,화성암,145.46,113.45,0.035
전자,화성암,142.0,112.71,0.018000000000000002
전자,화성암,170.0,134.93,0.019
전자,화성암,168.0,133.34,0.028999999999999998
전자,화성암,174.98,136.46,0.003
전자,화성암,172.0,136.52,0.003
전자,화성암,200.0,158.74,0.013999999999999999
전자,화성암,198.0,157.15,0.018000000000000002
전자,화성암,206.6,161.13,0.006
전자,화성암,202.0,160.33,0.006
전자,화성암,272.0,215.89,0.006
전자,화성암,270.0,214.3,0.013999999999999999
전자,화성암,282.5,220.31,0.006
전자,화성암,274.0,217.47,0.006
전자,화성암,358.0,284.14,0.006
전자,화성암,356.0,282.56,0.008
전자,화성암,373.15,291.01,0.005
전자,화성암,360.0,285.73,0.005
전자,화성암,100.0,79.37,0.067
전자,화성암,98.0,77.78,0.13
전자,화성암,101.19,78.92,0.09
전자,화성암,102.0,80.96,0.040999999999999995
전자,화성암,120.0,95.24,0.075
전자,화성암,118.0,93.66,0.094
전자,화성암,122.27,95.36,0.054000000000000006
전자,화성암,122.0,96.83,0.040999999999999995
전자,화성암,160.0,126.99,0.043
전자,화성암,158.0,125.4,0.055999999999999994
전자,화성암,164.44,128.24,0.040999999999999995
전자,화성암,162.0,128.58,0.043
전자,화성암,180.0,142.87,0.038
전자,화성암,178.0,141.28,0.048
전자,화성암,185.52,144.68,0.032
전자,화성암,182.0,144.45,0.027000000000000003
전자,화성암,200.0,158.74,0.035
전자,화성암,198.0,157.15,0.037000000000000005
전자,화성암,206.6,161.13,0.037000000000000005
전자,화성암,202.0,160.33,0.016
전자,화성암,66.0,52.38,0.08900000000000001
전자,화성암,64.0,50.8,0.177
전자,화성암,65.35,50.97,0.076
전자,화성암,68.0,53.97,0.102
전자,화성암,76.0,60.32,0.033
전자,화성암,74.0,58.73,0.083
전자,화성암,75.89,59.19,0.10800000000000001
전자,화성암,78.0,61.91,0.065
전자,화성암,80.0,63.5,0.043
전자,화성암,78.0,61.91,0.095
전자,화성암,80.11,62.48,0.083
전자,화성암,82.0,65.08,0.095
전자,화성암,100.0,79.37,0.028999999999999998
전자,화성암,98.0,77.78,0.06
전자,화성암,101.19,78.92,0.037000000000000005
전자,화성암,102.0,80.96,0.065
전자,화성암,120.0,95.24,0.027000000000000003
전자,화성암,118.0,93.66,0.059000000000000004
전자,화성암,122.27,95.36,0.054000000000000006
전자,화성암,122.0,96.83,0.052000000000000005
전자,화성암,160.0,126.99,0.027000000000000003
전자,화성암,158.0,125.4,0.06
전자,화성암,164.44,128.24,0.040999999999999995
전자,화성암,162.0,128.58,0.054000000000000006
전자,화성암,180.0,142.87,0.019
전자,화성암,178.0,141.28,0.062
전자,화성암,185.52,144.68,0.044000000000000004
전자,화성암,182.0,144.45,0.027000000000000003
전자,화성암,28.86,28.23,0.217
전자,화성암,28.41,27.08,0.191
전자,화성암,34.44,30.14,0.27
전자,화성암,32.1,30.6,0.195
전자,화성암,28.86,28.23,0.111
전자,화성암,28.41,27.08,0.10800000000000001
전자,화성암,34.44,30.14,0.11
전자,화성암,32.1,30.6,0.09699999999999999
전자,화성암,79.32,77.58,0.054000000000000006
전자,화성암,84.76,80.79,0.044000000000000004
전자,화성암,108.67,95.13,0.057
전자,화성암,86.03,82.0,0.049
전자,화성암,107.44,105.07,0.023
전자,화성암,115.47,110.06,0.026000000000000002
전자,화성암,148.62,130.1,0.024
전자,화성암,116.28,110.83,0.023
전자,화성암,118.34,115.74,0.023
전자,화성암,127.36,121.4,0.022000000000000002
전자,화성암,163.98,143.55,0.022000000000000002
전자,화성암,128.06,122.06,0.016
전자,화성암,73.16,62.13,0.142
전자,화성암,67.61,57.41,0.21
전자,화성암,70.65,59.31,0.204
전자,화성암,75.93,64.48,0.14400000000000002
전자,화성암,98.47,83.62,0.076
전자,화성암,94.55,80.29,0.13699999999999998
전자,화성암,98.38,82.58,0.105
전자,화성암,100.43,85.28,0.08800000000000001
전자,화성암,135.87,115.38,0.017
전자,화성암,133.09,113.02,0.03
전자,화성암,138.1,115.93,0.023
전자,화성암,137.33,116.62,0.019
전자,화성암,197.76,167.93,0.021
전자,화성암,195.96,166.41,0.034
전자,화성암,203.01,170.42,0.027999999999999997
전자,화성암,198.9,168.9,0.021
전자,화성암,272.06,231.03,0.018000000000000002
전자,화성암,270.91,230.06,0.023
전자,화성암,280.42,235.41,0.022000000000000002
전자,화성암,272.87,231.72,0.012
전자,화성암,143.7,122.03,0.026000000000000002
전자,화성암,140.44,119.26,0.048
전자,화성암,145.87,122.46,0.031
전자,화성암,145.17,123.28,0.034
전자,화성암,198.41,168.49,0.027999999999999997
전자,화성암,195.96,166.41,0.044000000000000004
전자,화성암,203.18,170.56,0.031
전자,화성암,199.55,169.46,0.013000000000000001
전자,화성암,55.11,43.45,0.168
전자,화성암,53.07,41.84,0.17600000000000002
전자,화성암,61.24,48.27,0.19
전자,화성암,71.44,56.32,0.122
전자,화성암,65.32,51.49,0.196
전자,화성암,85.73,67.58,0.184
전자,화성암,53.4,45.35,0.205
전자,화성암,51.77,43.96,0.27
전자,화성암,51.89,43.56,0.184
전자,화성암,53.89,45.76,0.222
전자,화성암,58.46,49.64,0.149
전자,화성암,56.83,48.26,0.233
전자,화성암,57.13,47.96,0.14400000000000002
전자,화성암,60.09,51.03,0.179
전자,화성암,77.08,65.45,0.11
전자,화성암,75.44,64.07,0.13699999999999998
전자,화성암,76.4,64.14,0.111
전자,화성암,78.38,66.56,0.122
전자,화성암,83.61,71.0,0.083
전자,화성암,81.98,69.61,0.102
전자,화성암,83.16,69.81,0.113
전자,화성암,84.92,72.11,0.09699999999999999
전자,화성암,90.63,76.96,0.076
전자,화성암,89.0,75.58,0.098
전자,화성암,90.43,75.92,0.092
전자,화성암,92.26,78.35,0.091
전자,화성암,97.82,83.06,0.087
전자,화성암,96.18,81.68,0.10300000000000001
전자,화성암,97.87,82.16,0.076
전자,화성암,99.61,84.59,0.08900000000000001
전자,화성암,104.84,89.03,0.075
전자,화성암,103.21,87.64,0.086
전자,화성암,105.14,88.26,0.087
전자,화성암,106.14,90.14,0.086
전자,화성암,112.35,95.41,0.073
전자,화성암,110.72,94.02,0.073
전자,화성암,112.91,94.79,0.073
전자,화성암,114.31,97.07,0.068
전자,화성암,38.89,32.16,0.205
전자,화성암,37.12,30.7,0.213
전자,화성암,37.46,30.39,0.198
전자,화성암,40.66,33.63,0.243
전자,화성암,45.96,38.01,0.16399999999999998
전자,화성암,44.19,36.55,0.198
전자,화성암,44.96,36.47,0.154
전자,화성암,47.73,39.47,0.17300000000000001
전자,화성암,70.71,58.48,0.084
전자,화성암,68.94,57.02,0.125
전자,화성암,71.18,57.74,0.091
전자,화성암,72.48,59.94,0.10300000000000001
전자,화성암,88.39,73.1,0.057
전자,화성암,86.62,71.64,0.052000000000000005
전자,화성암,89.91,72.94,0.038
전자,화성암,90.16,74.56,0.055999999999999994
전자,화성암,123.74,102.34,0.048
전자,화성암,121.98,100.88,0.064
전자,화성암,129.25,104.85,0.048
전자,화성암,125.51,103.8,0.048
전자,화성암,159.1,131.58,0.022000000000000002
전자,화성암,157.33,130.12,0.013000000000000001
전자,화성암,164.84,133.72,0.064
전자,화성암,160.87,133.04,0.079
전자,화성암,31.25,23.03,0.213
전자,화성암,28.75,21.18,0.51
전자,화성암,23.19,17.81,0.594
전자,화성암,33.75,24.87,0.498
전자,화성암,60.5,44.58,0.124
전자,화성암,58.0,42.73,0.20600000000000002
전자,화성암,49.03,37.65,0.221
전자,화성암,63.0,46.42,0.17300000000000001
전자,화성암,82.5,60.79,0.067
전자,화성암,80.0,58.94,0.124
전자,화성암,68.47,52.57,0.11699999999999999
전자,화성암,85.0,62.63,0.08900000000000001
전자,화성암,106.0,78.1,0.043
전자,화성암,103.5,76.26,0.065
전자,화성암,89.23,68.52,0.062
전자,화성암,108.5,79.94,0.048
전자,화성암,130.0,95.78,0.052000000000000005
전자,화성암,127.5,93.94,0.054000000000000006
전자,화성암,110.43,84.8,0.055999999999999994
전자,화성암,132.5,97.63,0.038
전자,화성암,154.25,113.65,0.03
전자,화성암,151.75,111.81,0.043
전자,화성암,131.86,101.25,0.051
전자,화성암,156.75,115.49,0.038
전자,화성암,178.75,131.7,0.013999999999999999
전자,화성암,176.25,129.86,0.018000000000000002
전자,화성암,153.5,117.87,0.013999999999999999
전자,화성암,181.25,133.55,0.019
전자,화성암,26.0,20.64,0.406
전자,화성암,24.0,19.05,0.66
전자,화성암,23.19,18.09,0.711
전자,화성암,28.0,22.22,0.762
전자,화성암,56.0,44.45,0.057
전자,화성암,54.0,42.86,0.049
전자,화성암,54.81,42.75,0.073
전자,화성암,58.0,46.03,0.083
전자,화성암,80.0,63.5,0.141
전자,화성암,78.0,61.91,0.10800000000000001
전자,화성암,80.11,62.48,0.132
전자,화성암,82.0,65.08,0.157
전자,화성암,100.0,79.37,0.091
전자,화성암,98.0,77.78,0.068
전자,화성암,101.19,78.92,0.105
전자,화성암,102.0,80.96,0.132
전자,화성암,120.0,95.24,0.043
전자,화성암,118.0,93.66,0.038
전자,화성암,122.27,95.36,0.06
전자,화성암,122.0,96.83,0.067
전자,화성암,140.0,111.12,0.046
전자,화성암,138.0,109.53,0.04
전자,화성암,145.46,113.45,0.051
전자,화성암,142.0,112.71,0.048
전자,화성암,160.0,126.99,0.027000000000000003
전자,화성암,158.0,125.4,0.021
전자,화성암,164.44,128.24,0.040999999999999995
전자,화성암,162.0,128.58,0.035
전자,화성암,61.24,48.27,0.162
전자,화성암,59.2,46.67,0.141
전자,화성암,61.84,47.49,0.16699999999999998
전자,화성암,63.28,49.88,0.114
전자,화성암,81.65,64.37,0.059000000000000004
전자,화성암,79.61,62.76,0.071
전자,화성암,83.93,64.45,0.079
전자,화성암,83.69,65.98,0.062
전자,화성암,90.22,71.12,0.021
전자,화성암,88.18,69.52,0.026000000000000002
전자,화성암,93.2,71.57,0.016
전자,화성암,92.26,72.73,0.02
전자,화성암,122.47,96.55,0.075
전자,화성암,120.43,94.94,0.075
전자,화성암,128.1,98.37,0.079
전자,화성암,124.52,98.16,0.065
전자,화성암,142.89,112.64,0.033
전자,화성암,140.85,111.03,0.027000000000000003
전자,화성암,150.19,115.33,0.025
전자,화성암,144.93,114.25,0.021
전자,화성암,163.3,128.73,0.024
전자,화성암,161.26,127.12,0.019
전자,화성암,172.27,132.28,0.018000000000000002
전자,화성암,165.34,130.34,0.018000000000000002
전자,화성암,183.71,144.82,0.016
전자,화성암,181.67,143.21,0.016
전자,화성암,194.36,149.24,0.013000000000000001
전자,화성암,185.75,146.43,0.011000000000000001
전자,화성암,89.61,70.64,0.023
전자,화성암,87.57,69.03,0.036000000000000004
전자,화성암,85.53,67.42,0.047
전자,화성암,91.65,72.25,0.002
전자,화성암,22.37,19.0,1.63
전자,화성암,17.96,16.0,1.02
전자,화성암,12.08,11.95,1.65
전자,화성암,20.79,18.52,0.991
전자,화성암,32.66,27.73,1.45
전자,화성암,26.87,23.94,1.17
전자,화성암,18.59,18.39,1.41
전자,화성암,29.7,26.46,1.27
전자,화성암,48.99,41.6,0.622
전자,화성암,41.01,36.54,0.508
전자,화성암,28.92,28.61,0.521
전자,화성암,43.84,39.06,0.444
전자,화성암,65.32,55.47,0.278
전자,화성암,55.15,49.14,0.29100000000000004
전자,화성암,39.25,38.83,0.281
전자,화성암,57.98,51.66,0.237
전자,화성암,81.65,69.34,0.113
전자,화성암,69.3,61.74,0.09699999999999999
전자,화성암,49.57,49.04,0.086
전자,화성암,72.12,64.26,0.079
전자,화성암,97.98,83.2,0.073
전자,화성암,83.44,74.34,0.065
전자,화성암,59.9,59.26,0.084
전자,화성암,86.27,76.86,0.052000000000000005
전자,화성암,114.31,97.07,0.076
전자,화성암,97.58,86.93,0.079
전자,화성암,70.23,69.48,0.062
전자,화성암,100.41,89.45,0.064
전자,화성암,130.64,110.94,0.049
전자,화성암,111.72,99.53,0.07200000000000001
전자,화성암,80.56,79.7,0.055999999999999994
전자,화성암,114.55,102.05,0.046
전자,화성암,51.03,40.23,0.21
전자,화성암,48.99,38.62,0.34
전자,화성암,50.8,39.01,0.179
전자,화성암,53.07,41.84,0.203
전자,화성암,61.24,48.27,0.14300000000000002
전자,화성암,59.2,46.67,0.313
전자,화성암,61.84,47.49,0.17800000000000002
전자,화성암,63.28,49.88,0.165
전자,화성암,98.8,77.88,0.042
전자,화성암,96.75,76.27,0.042
전자,화성암,102.48,78.69,0.03
전자,화성암,100.84,79.49,0.042
전자,화성암,122.47,96.55,0.052000000000000005
전자,화성암,120.43,94.94,0.051
전자,화성암,128.1,98.37,0.033
전자,화성암,124.52,98.16,0.049
전자,화성암,142.89,112.64,0.04
전자,화성암,140.85,111.03,0.04
전자,화성암,150.19,115.33,0.025
전자,화성암,144.93,114.25,0.038
전자,화성암,163.3,128.73,0.03
전자,화성암,161.26,127.12,0.035
전자,화성암,172.27,132.28,0.025
전자,화성암,165.34,130.34,0.032
전자,화성암,183.71,144.82,0.024
전자,화성암,181.67,143.21,0.028999999999999998
전자,화성암,194.36,149.24,0.021
전자,화성암,185.75,146.43,0.022000000000000002
전자,화성암,36.06,32.13,0.657
전자,화성암,36.77,32.76,0.607
전자,화성암,37.62,33.51,0.619
전자,화성암,48.37,43.09,0.272
전자,화성암,48.37,43.09,0.217
전자,화성암,47.94,42.71,0.22
전자,화성암,48.37,43.09,0.22
전자,화성암,49.36,43.97,0.244
전자,화성암,46.95,41.83,0.303
전자,화성암,42.85,38.18,0.382
전자,화성암,42.99,38.3,0.47600000000000003
전자,화성암,63.92,56.95,0.142
전자,화성암,63.64,56.7,0.11199999999999999
전자,화성암,63.92,56.95,0.12
전자,화성암,63.64,56.7,0.10400000000000001
전자,화성암,63.78,56.82,0.106
전자,화성암,65.05,57.96,0.128
전자,화성암,62.93,56.07,0.115
전자,화성암,65.9,58.71,0.185
전자,화성암,62.08,55.31,0.187
전자,화성암,58.97,52.54,0.174
전자,화성암,89.52,79.75,0.11
전자,화성암,89.52,79.75,0.069
전자,화성암,89.38,79.63,0.07200000000000001
전자,화성암,89.8,80.0,0.069
전자,화성암,90.37,80.51,0.07200000000000001
전자,화성암,88.39,78.75,0.075
전자,화성암,88.53,78.87,0.08
전자,화성암,85.7,76.35,0.092
전자,화성암,83.58,74.46,0.092
전자,화성암,94.33,84.04,0.1
전자,화성암,149.2,132.92,0.027999999999999997
전자,화성암,148.78,132.54,0.023
전자,화성암,149.2,132.92,0.021
전자,화성암,150.05,133.68,0.015
전자,화성암,148.21,132.04,0.017
전자,화성암,148.21,132.04,0.018000000000000002
전자,화성암,151.6,135.06,0.02
전자,화성암,147.93,131.79,0.021
전자,화성암,151.04,134.56,0.028999999999999998
전자,화성암,29.56,26.33,0.845
전자,화성암,112.43,100.16,0.047
전자,화성암,112.71,100.42,0.053
전자,화성암,113.56,101.17,0.042
전자,화성암,108.61,96.76,0.055
전자,화성암,115.97,103.31,0.062
전자,화성암,115.54,102.94,0.06
전자,화성암,118.65,105.71,0.047
전자,화성암,114.69,102.18,0.053
전자,화성암,157.68,140.48,0.037000000000000005
전자,화성암,163.2,145.39,0.035
전자,화성암,167.58,149.3,0.034
