암석분류,SR SD,CR SD,최대입자속도
화성암,24.66,20.94,2.6439999999999997
화성암,19.52,17.39,1.5630000000000002
화성암,19.52,17.39,2.349
화성암,18.38,16.38,2.238
화성암,16.69,14.87,3.137
화성암,179.4,142.39,0.054000000000000006
화성암,122.75,109.36,0.069
화성암,130.81,116.54,0.055999999999999994
화성암,119.78,106.72,0.07200000000000001
화성암,152.36,129.38,0.06
화성암,210.4,166.99,0.03
화성암,217.4,172.55,0.038
화성암,145.95,130.02,0.049
화성암,179.14,152.12,0.03
화성암,165.1,140.2,0.033
화성암,365.4,290.02,0.016
화성암,375.6,298.11,0.013999999999999999
화성암,256.54,228.55,0.015
화성암,258.94,230.69,0.017
화성암,258.24,230.06,0.013999999999999999
화성암,82.6,65.56,0.13
화성암,55.15,49.14,0.156
화성암,64.35,57.33,0.124
화성암,54.31,48.38,0.174
화성암,60.81,54.18,0.11
화성암,138.6,110.01,0.094
화성암,93.2,83.03,0.09300000000000001
화성암,96.31,85.8,0.099
화성암,102.39,91.22,0.079
화성암,123.29,104.7,0.086
화성암,161.01,136.73,0.040999999999999995
화성암,136.61,121.71,0.045
화성암,140.57,125.24,0.047
화성암,142.84,127.25,0.035
화성암,144.67,128.89,0.036000000000000004
화성암,32.2,33.42,0.245
화성암,33.94,34.61,0.19699999999999998
화성암,36.1,36.1,0.157
화성암,36.0,36.0,0.102
화성암,36.0,36.0,0.129
화성암,29.39,31.45,0.252
화성암,54.47,56.53,0.07200000000000001
화성암,57.42,58.56,0.043
화성암,70.44,67.14,0.037000000000000005
화성암,60.9,60.9,0.057
화성암,60.9,60.9,0.047
화성암,49.72,53.2,0.08
화성암,76.74,79.65,0.065
화성암,99.07,94.44,0.028999999999999998
화성암,99.07,94.44,0.027000000000000003
화성암,99.19,94.55,0.022000000000000002
화성암,85.8,85.8,0.03
화성암,85.8,85.8,0.018000000000000002
화성암,99.1,102.86,0.062
화성암,99.1,102.86,0.036000000000000004
화성암,110.8,110.8,0.033
화성암,110.8,110.8,0.017
화성암,110.8,110.8,0.023
화성암,90.47,96.79,0.039
화성암,121.37,125.97,0.048
화성암,156.69,149.36,0.016
화성암,156.69,149.36,0.02
화성암,135.7,135.7,0.028999999999999998
화성암,135.7,135.7,0.012
화성암,110.8,118.54,0.03
화성암,130.98,159.0,0.04
화성암,130.75,158.73,0.07
화성암,93.01,126.73,0.064
화성암,123.91,153.4,0.042
화성암,125.54,155.42,0.03
화성암,95.82,129.16,0.033
화성암,23.6,32.15,0.226
화성암,32.26,39.93,0.242
화성암,31.2,38.63,0.335
화성암,30.83,38.17,0.32899999999999996
화성암,27.71,35.98,0.335
화성암,26.18,35.57,0.318
화성암,35.3,48.1,0.20199999999999999
화성암,47.38,58.66,0.254
화성암,46.64,57.74,0.369
화성암,36.86,49.69,0.222
화성암,36.25,48.87,0.22899999999999998
화성암,38.5,51.9,0.271
화성암,62.88,77.84,0.136
화성암,62.67,77.58,0.133
화성암,48.91,65.93,0.142
화성암,48.09,64.83,0.141
화성암,63.03,78.04,0.122
화성암,48.49,65.89,0.125
화성암,78.69,97.41,0.10300000000000001
화성암,79.95,98.98,0.08800000000000001
화성암,61.32,82.66,0.092
화성암,66.46,86.9,0.16399999999999998
화성암,61.0,82.9,0.09699999999999999
화성암,60.44,82.14,0.121
화성암,407.01,362.61,0.003
화성암,397.39,354.04,0.004
화성암,412.38,367.39,0.005
화성암,337.4,321.61,0.004
화성암,323.09,307.96,0.006999999999999999
화성암,415.61,363.82,0.006999999999999999
화성암,471.22,419.81,0.004
화성암,472.49,420.94,0.003
화성암,376.43,358.81,0.004
화성암,375.16,357.6,0.004
화성암,409.33,383.38,0.004
화성암,504.16,441.34,0.003
화성암,59.7,56.9,0.105
화성암,72.27,64.38,0.10099999999999999
화성암,63.5,56.57,0.11699999999999999
화성암,51.04,48.65,0.16399999999999998
화성암,50.46,48.1,0.16
화성암,54.77,51.3,0.14400000000000002
화성암,111.58,99.41,0.025
화성암,115.97,103.31,0.024
화성암,112.43,100.16,0.031
화성암,94.8,90.36,0.025
화성암,85.68,81.67,0.031
화성암,96.89,90.74,0.027999999999999997
화성암,136.2,127.56,0.013000000000000001
화성암,136.32,127.68,0.02
화성암,138.51,129.73,0.012
화성암,140.7,131.78,0.011000000000000001
화성암,175.01,153.2,0.009000000000000001
화성암,175.16,153.33,0.008
화성암,198.91,215.11,0.024
화성암,114.57,148.8,0.042
화성암,114.38,148.56,0.047
화성암,178.05,199.85,0.027000000000000003
화성암,125.4,157.99,0.027999999999999997
화성암,100.59,135.6,0.044000000000000004
화성암,99.78,134.5,0.055
화성암,100.96,136.09,0.042
화성암,124.1,156.36,0.034
화성암,122.75,154.66,0.045
화성암,28.3,36.75,0.872
화성암,28.44,36.93,0.768
화성암,28.71,37.29,0.581
화성암,25.64,34.56,0.604
화성암,31.8,40.07,0.462
화성암,81.74,88.41,0.124
화성암,80.95,87.55,0.113
화성암,47.1,61.18,0.20199999999999999
화성암,42.05,56.68,0.23600000000000002
화성암,51.05,64.32,0.158
화성암,102.62,110.98,0.084
화성암,58.93,76.53,0.22
화성암,58.79,76.35,0.33
화성암,59.25,76.95,0.20800000000000002
화성암,59.25,76.95,0.134
화성암,73.12,94.97,0.162
화성암,72.39,94.02,0.162
화성암,65.24,87.94,0.11800000000000001
화성암,64.54,87.01,0.252
화성암,64.87,87.45,0.19699999999999998
화성암,76.3,102.86,0.141
화성암,76.63,103.3,0.133
화성암,75.89,102.3,0.142
화성암,94.65,119.25,0.102
화성암,76.91,103.68,0.121
화성암,171.16,185.1,0.038
화성암,99.18,128.82,0.11800000000000001
화성암,98.36,127.75,0.102
화성암,88.43,119.2,0.135
화성암,107.8,135.82,0.075
화성암,281.71,250.98,0.013000000000000001
화성암,281.99,251.23,0.015
화성암,213.17,208.48,0.018000000000000002
화성암,213.17,208.48,0.015
화성암,232.56,221.67,0.013999999999999999
화성암,318.2,283.48,0.01
화성암,318.48,283.73,0.01
화성암,241.07,235.76,0.006
화성암,241.07,235.76,0.006
화성암,241.07,235.76,0.008
화성암,46.4,45.38,0.17
화성암,46.4,45.38,0.28600000000000003
화성암,52.31,49.86,0.23
화성암,51.38,48.98,0.337
화성암,50.46,48.1,0.217
화성암,62.43,61.06,0.165
화성암,62.33,60.95,0.179
화성암,69.63,66.37,0.163
화성암,68.59,65.38,0.188
화성암,67.55,64.39,0.17
화성암,82.1,80.3,0.12300000000000001
화성암,78.36,76.64,0.11
화성암,82.0,80.19,0.115
화성암,80.18,78.41,0.12
화성암,82.68,78.81,0.17300000000000001
화성암,94.4,92.32,0.122
화성암,103.11,98.29,0.10300000000000001
화성암,104.27,99.39,0.139
화성암,101.96,97.19,0.11199999999999999
화성암,103.35,98.51,0.096
화성암,110.54,108.11,0.107
화성암,114.17,111.66,0.12
화성암,110.43,108.0,0.079
화성암,119.28,113.7,0.10099999999999999
화성암,119.4,113.81,0.12300000000000001
화성암,229.86,236.95,0.013000000000000001
화성암,226.39,233.38,0.013999999999999999
화성암,227.94,234.98,0.01
화성암,225.66,232.62,0.018000000000000002
화성암,227.12,234.13,0.013999999999999999
화성암,184.22,189.9,0.018000000000000002
화성암,186.5,192.25,0.013999999999999999
화성암,181.48,187.08,0.024
화성암,182.03,187.64,0.022000000000000002
화성암,180.57,186.14,0.025
화성암,37.79,38.96,0.493
화성암,32.77,33.78,0.586
화성암,37.52,38.68,0.431
화성암,37.25,38.39,0.5
화성암,33.68,34.72,0.53
화성암,37.98,39.15,0.307
화성암,41.17,42.44,0.21100000000000002
화성암,40.26,41.5,0.3
화성암,34.99,37.01,0.6809999999999999
화성암,34.23,36.2,0.442
화성암,62.17,64.08,0.158
화성암,62.81,64.74,0.132
화성암,63.44,65.4,0.125
화성암,59.58,63.02,0.215
화성암,60.34,63.82,0.21899999999999997
화성암,82.61,85.16,0.1
화성암,81.88,84.41,0.124
화성암,81.06,83.56,0.111
화성암,78.26,82.78,0.131
화성암,79.02,83.58,0.131
화성암,100.78,103.89,0.055
화성암,99.05,102.1,0.075
화성암,99.96,103.04,0.054000000000000006
화성암,93.39,98.78,0.055999999999999994
화성암,91.78,97.08,0.10300000000000001
화성암,116.66,120.26,0.077
화성암,117.3,120.92,0.068
화성암,115.93,119.51,0.051
화성암,116.57,120.17,0.066
화성암,115.93,119.51,0.091
화성암,175.03,189.29,0.024
화성암,174.95,189.21,0.019
화성암,174.56,188.78,0.026000000000000002
화성암,173.69,187.84,0.022000000000000002
화성암,183.99,194.6,0.017
화성암,183.57,194.16,0.016
화성암,156.3,169.03,0.013999999999999999
화성암,155.82,168.52,0.016
화성암,155.58,168.26,0.013000000000000001
화성암,155.82,168.52,0.015
화성암,169.28,179.05,0.011000000000000001
화성암,163.45,172.88,0.015
화성암,62.85,67.97,0.087
화성암,63.17,68.31,0.1
화성암,65.7,71.05,0.055
화성암,61.66,66.69,0.095
화성암,71.33,75.45,0.07200000000000001
화성암,67.87,71.78,0.084
화성암,77.87,84.22,0.064
화성암,77.71,84.05,0.065
화성암,79.14,85.58,0.054000000000000006
화성암,77.55,83.87,0.057999999999999996
화성암,77.55,83.87,0.059000000000000004
화성암,87.14,92.16,0.057
화성암,97.79,105.76,0.053
화성암,98.03,106.02,0.048
화성암,97.32,105.25,0.043
화성암,100.4,108.58,0.038
화성암,108.94,115.22,0.028999999999999998
화성암,102.26,108.16,0.04
화성암,73.6,58.42,0.27
화성암,75.06,56.78,0.297
화성암,74.82,56.61,0.342
화성암,75.98,57.48,0.17
화성암,55.03,46.73,0.314
화성암,108.8,86.35,0.10400000000000001
화성암,121.47,91.9,0.094
화성암,129.33,97.84,0.079
화성암,134.18,101.51,0.059000000000000004
화성암,95.2,80.85,0.087
화성암,178.8,141.91,0.024
화성암,212.0,160.39,0.026000000000000002
화성암,210.39,159.17,0.033
화성암,215.01,162.66,0.022000000000000002
화성암,213.39,161.44,0.023
화성암,78.0,61.91,0.179
화성암,82.68,62.55,0.147
화성암,92.38,69.89,0.11599999999999999
화성암,80.37,60.8,0.154
화성암,82.91,62.72,0.146
화성암,43.8,34.76,0.41
화성암,43.88,33.2,0.537
화성암,42.49,32.15,0.49200000000000005
화성암,42.03,31.8,0.439
화성암,40.66,34.53,0.446
화성암,142.4,113.02,0.038
화성암,158.42,119.86,0.05
화성암,155.65,117.76,0.047
화성암,153.81,116.36,0.051
화성암,122.64,104.14,0.043
화성암,29.41,31.81,0.509
화성암,30.52,33.0,0.321
화성암,28.07,30.35,0.336
화성암,28.86,31.21,0.325
화성암,31.68,32.65,0.369
화성암,42.45,45.91,0.245
화성암,49.39,50.91,0.209
화성암,49.3,50.82,0.237
화성암,46.23,48.9,0.16699999999999998
화성암,53.0,53.0,0.17300000000000001
화성암,81.34,83.85,0.141
화성암,88.8,88.8,0.10400000000000001
화성암,79.69,82.15,0.094
화성암,79.05,81.49,0.1
화성암,88.1,88.1,0.08800000000000001
화성암,29.83,31.55,0.679
화성암,32.68,33.69,0.6659999999999999
화성암,30.03,30.96,0.815
화성암,30.67,31.62,0.6859999999999999
화성암,34.0,34.0,0.688
화성암,14.06,14.49,1.6369999999999998
화성암,13.52,14.3,1.524
화성암,15.4,15.4,1.768
화성암,17.0,17.0,1.5319999999999998
화성암,16.0,16.0,1.695
화성암,95.18,102.94,0.053
화성암,110.27,113.68,0.054000000000000006
화성암,109.18,112.55,0.06
화성암,118.2,118.2,0.077
화성암,118.8,118.8,0.062
화성암,206.18,222.98,0.013999999999999999
화성암,206.26,223.07,0.013999999999999999
화성암,206.81,223.66,0.008
화성암,206.73,223.58,0.009000000000000001
화성암,241.91,249.37,0.011000000000000001
화성암,231.95,250.85,0.018000000000000002
화성암,271.12,279.49,0.016
화성암,272.58,280.99,0.013000000000000001
화성암,249.66,264.06,0.018000000000000002
화성암,297.0,297.0,0.013000000000000001
화성암,40.62,41.88,0.29100000000000004
화성암,45.3,45.3,0.23
화성암,39.8,41.03,0.308
화성암,38.16,39.34,0.391
화성암,42.6,42.6,0.322
화성암,43.19,45.68,0.282
화성암,46.92,48.37,0.258
화성암,46.19,47.62,0.316
화성암,45.46,46.86,0.364
화성암,57.0,57.0,0.13
화성암,62.35,64.27,0.136
화성암,63.72,67.4,0.11599999999999999
화성암,64.8,64.8,0.191
화성암,67.5,67.5,0.139
화성암,65.6,65.6,0.183
화성암,71.07,76.86,0.135
화성암,80.52,83.0,0.09699999999999999
화성암,78.87,81.31,0.149
화성암,84.8,84.8,0.153
화성암,85.6,85.6,0.151
화성암,88.91,94.04,0.125
화성암,90.77,96.01,0.149
화성암,96.4,99.37,0.157
화성암,96.4,99.37,0.172
화성암,89.67,94.84,0.237
화성암,190.2,150.96,0.015
화성암,216.39,163.71,0.012
화성암,218.01,164.93,0.012
화성암,225.86,170.87,0.012
화성암,223.78,169.3,0.016
화성암,224.94,170.17,0.017
화성암,370.85,314.92,0.008
화성암,370.53,314.65,0.011000000000000001
화성암,369.55,313.82,0.012
화성암,368.57,312.98,0.012
화성암,367.59,312.15,0.013999999999999999
화성암,360.56,306.19,0.013999999999999999
화성암,93.73,79.6,0.12
화성암,92.75,78.77,0.161
화성암,126.56,95.74,0.087
화성암,127.02,96.09,0.095
화성암,125.86,95.22,0.081
화성암,91.61,77.8,0.086
화성암,76.91,65.31,0.139
화성암,79.04,67.12,0.111
화성암,76.91,65.31,0.131
화성암,99.4,78.89,0.084
화성암,102.77,77.75,0.09699999999999999
화성암,75.44,64.07,0.105
화성암,89.81,76.27,0.084
화성암,87.53,74.33,0.109
화성암,87.69,74.47,0.15
화성암,116.86,88.41,0.09
화성암,114.55,86.66,0.106
화성암,85.24,72.39,0.079
화성암,70.71,58.48,0.124
화성암,68.94,57.02,0.141
화성암,71.18,57.74,0.124
화성암,64.83,55.65,0.18899999999999997
화성암,106.07,87.72,0.027000000000000003
화성암,104.3,86.26,0.044000000000000004
화성암,108.64,88.13,0.033
화성암,96.45,82.79,0.035
화성암,141.42,116.96,0.021
화성암,139.65,115.5,0.038
화성암,146.11,118.53,0.028999999999999998
화성암,128.07,109.93,0.024
화성암,176.78,146.2,0.019
화성암,175.01,144.74,0.027000000000000003
화성암,183.57,148.92,0.021
화성암,159.7,137.08,0.019
화성암,215.67,178.37,0.006999999999999999
화성암,213.9,176.9,0.019
화성암,224.78,182.35,0.013999999999999999
화성암,194.48,166.94,0.012
화성암,263.4,217.84,0.009000000000000001
화성암,261.63,216.38,0.023
화성암,275.36,223.38,0.015
화성암,237.17,203.58,0.017
화성암,268.7,222.23,0.008
화성암,266.93,220.76,0.013000000000000001
화성암,280.98,227.93,0.01
화성암,241.91,207.65,0.006999999999999999
화성암,319.97,264.62,0.01
화성암,318.2,263.16,0.017
화성암,335.3,272.0,0.016
화성암,287.77,247.01,0.008
화성암,40.82,34.67,0.37
화성암,48.99,41.6,0.452
화성암,58.79,49.92,0.187
화성암,45.72,38.83,0.384
화성암,70.22,59.63,0.31
화성암,238.42,202.46,0.016
화성암,181.26,153.93,0.022000000000000002
화성암,75.12,63.79,0.264
화성암,130.64,110.94,0.038
화성암,181.26,153.93,0.03
화성암,207.39,176.11,0.03
화성암,42.46,36.05,0.452
화성암,57.15,48.54,0.483
화성암,63.69,54.08,0.36700000000000005
화성암,58.79,49.92,0.322
화성암,215.56,183.05,0.019
화성암,209.02,177.5,0.024
화성암,102.88,87.36,0.067
화성암,143.7,122.03,0.055999999999999994
화성암,164.93,140.06,0.039
화성암,136.94,105.15,0.018000000000000002
화성암,79.51,61.05,0.095
화성암,92.76,71.23,0.065
화성암,75.09,57.66,0.087
화성암,103.81,79.71,0.07
화성암,114.85,88.19,0.035
화성암,132.52,101.76,0.064
화성암,245.16,188.25,0.022000000000000002
화성암,256.2,196.73,0.019
화성암,265.04,203.52,0.013999999999999999
화성암,99.17,76.15,0.059000000000000004
화성암,100.27,77.0,0.052000000000000005
화성암,109.33,83.95,0.075
화성암,96.08,73.77,0.071
화성암,104.91,80.56,0.021
화성암,94.97,72.93,0.025
화성암,109.11,83.78,0.03
화성암,143.12,109.9,0.016
화성암,253.11,194.36,0.013999999999999999
화성암,100.27,77.0,0.038
화성암,101.82,78.18,0.049
화성암,110.65,84.97,0.049
화성암,96.52,74.11,0.055999999999999994
화성암,103.36,79.37,0.022000000000000002
화성암,93.43,71.74,0.019
화성암,108.0,82.93,0.033
화성암,141.35,108.54,0.018000000000000002
화성암,106.6,84.61,0.027000000000000003
화성암,99.2,78.74,0.04
화성암,104.6,83.02,0.022000000000000002
화성암,103.2,81.91,0.032
화성암,102.8,81.59,0.025
화성암,129.0,102.39,0.022000000000000002
화성암,146.6,116.36,0.018000000000000002
화성암,122.7,83.59,0.10800000000000001
화성암,145.46,99.1,0.156
화성암,178.04,121.29,0.051
화성암,79.0,62.27,0.17300000000000001
화성암,95.73,75.47,0.157
화성암,118.19,93.17,0.051
화성암,79.0,62.27,0.135
화성암,96.55,76.11,0.133
화성암,119.82,94.46,0.051
화성암,99.0,78.04,0.033
화성암,79.0,62.27,0.141
화성암,97.57,76.92,0.157
화성암,121.45,95.74,0.064
화성암,80.22,63.24,0.078
화성암,77.57,61.15,0.127
화성암,77.57,61.15,0.10800000000000001
화성암,99.2,78.2,0.13699999999999998
화성암,79.81,62.92,0.18100000000000002
화성암,77.36,60.99,0.11599999999999999
화성암,77.16,60.83,0.114
화성암,100.02,78.85,0.245
화성암,91.24,71.93,0.044000000000000004
화성암,79.4,62.6,0.091
화성암,77.57,61.15,0.14
화성암,100.84,79.49,0.18899999999999997
화성암,92.8,73.66,0.055999999999999994
화성암,77.4,61.43,0.1
화성암,75.8,60.16,0.122
화성암,99.8,79.21,0.121
화성암,75.4,59.85,0.16
화성암,90.8,72.07,0.138
화성암,106.0,84.13,0.13
화성암,92.75,78.77,0.035
화성암,80.67,68.5,0.038
화성암,62.71,53.25,0.067
화성암,85.24,72.39,0.028999999999999998
화성암,90.47,76.82,0.035
화성암,78.71,66.84,0.062
화성암,62.54,53.11,0.052000000000000005
화성암,88.39,73.1,0.102
화성암,86.62,71.64,0.114
화성암,89.91,72.94,0.102
화성암,80.64,69.22,0.12
화성암,123.74,102.34,0.033
화성암,121.98,100.88,0.049
화성암,127.38,103.33,0.04
화성암,110.68,95.0,0.022000000000000002
화성암,159.1,131.58,0.027000000000000003
화성암,157.33,130.12,0.032
화성암,164.84,133.72,0.022000000000000002
화성암,143.88,123.51,0.024
화성암,185.62,153.51,0.024
화성암,183.85,152.05,0.032
화성암,192.94,156.51,0.028999999999999998
화성암,167.6,143.86,0.01
화성암,252.79,209.07,0.013999999999999999
화성암,251.02,207.61,0.016
화성암,264.12,214.26,0.013000000000000001
화성암,227.68,195.44,0.008
화성암,438.41,362.58,0.012
화성암,436.64,361.12,0.01
화성암,460.8,373.81,0.012
화성암,393.7,337.94,0.012
화성암,503.81,416.67,0.015
화성암,502.05,415.21,0.015
화성암,530.11,430.04,0.015
화성암,452.21,388.16,0.012
화성암,88.39,73.1,0.102
화성암,86.62,71.64,0.08900000000000001
화성암,89.91,72.94,0.102
화성암,80.64,69.22,0.127
화성암,123.74,102.34,0.051
화성암,121.98,100.88,0.051
화성암,127.38,103.33,0.038
화성암,112.26,96.36,0.013000000000000001
화성암,159.1,131.58,0.028999999999999998
화성암,157.33,130.12,0.043
화성암,164.84,133.72,0.025
화성암,143.88,123.51,0.006
화성암,185.62,153.51,0.038
화성암,183.85,152.05,0.037000000000000005
화성암,192.94,156.51,0.022000000000000002
화성암,167.6,143.86,0.021
화성암,251.02,207.61,0.03
화성암,249.26,206.14,0.028999999999999998
화성암,262.24,212.74,0.019
화성암,226.1,194.08,0.008
화성암,440.17,364.04,0.012
화성암,438.41,362.58,0.013999999999999999
화성암,462.67,375.33,0.012
화성암,395.28,339.3,0.015
화성암,503.81,416.67,0.015
화성암,502.05,415.21,0.015
화성암,530.11,430.04,0.015
화성암,452.21,388.16,0.012
화성암,53.75,49.9,0.435
화성암,77.5,71.94,0.142
화성암,90.0,83.55,0.11599999999999999
화성암,150.0,139.25,0.057
화성암,227.5,211.19,0.023
화성암,375.0,348.12,0.011000000000000001
화성암,38.89,32.16,0.184
화성암,74.25,61.4,0.08800000000000001
화성암,114.9,95.03,0.032
화성암,88.39,73.1,0.043
화성암,173.24,143.28,0.022000000000000002
화성암,167.94,138.89,0.027000000000000003
화성암,30.4,24.13,0.22899999999999998
화성암,30.4,24.13,0.317
화성암,28.0,22.22,0.267
화성암,28.0,22.22,0.305
화성암,28.0,22.22,0.762
화성암,28.0,22.22,0.698
화성암,19.38,16.96,0.889
화성암,40.0,31.75,0.13699999999999998
화성암,40.0,31.75,0.268
화성암,38.0,30.16,0.24100000000000002
화성암,38.0,30.16,0.243
화성암,38.0,30.16,0.32899999999999996
화성암,38.0,30.16,0.33
화성암,26.83,23.49,0.386
화성암,50.0,39.69,0.11699999999999999
화성암,50.0,39.69,0.151
화성암,48.0,38.1,0.135
화성암,48.0,38.1,0.129
화성암,48.0,38.1,0.24
화성암,48.0,38.1,0.221
화성암,34.29,30.01,0.259
화성암,55.0,43.65,0.163
화성암,55.0,43.65,0.038
화성암,52.0,41.27,0.115
화성암,52.0,41.27,0.109
화성암,52.0,41.27,0.185
화성암,52.0,41.27,0.24100000000000002
화성암,37.27,32.62,0.182
화성암,59.0,46.83,0.14400000000000002
화성암,59.0,46.83,0.054000000000000006
화성암,56.0,44.45,0.122
화성암,56.0,44.45,0.111
화성암,56.0,44.45,0.163
화성암,56.0,44.45,0.203
화성암,40.25,35.23,0.156
화성암,101.4,80.48,0.023
화성암,101.4,80.48,0.013000000000000001
화성암,96.0,76.2,0.025
화성암,96.0,76.2,0.038
화성암,96.0,76.2,0.051
화성암,96.0,76.2,0.08199999999999999
화성암,70.06,61.33,0.062
화성암,106.6,84.61,0.027000000000000003
화성암,106.6,84.61,0.021
화성암,104.0,82.54,0.032
화성암,104.0,82.54,0.035
화성암,104.0,82.54,0.038
화성암,104.0,82.54,0.048
화성암,76.03,66.55,0.038
화성암,129.0,102.39,0.019
화성암,129.0,102.39,0.011000000000000001
화성암,126.0,100.01,0.021
화성암,126.0,100.01,0.024
화성암,126.0,100.01,0.03
화성암,126.0,100.01,0.028999999999999998
화성암,92.42,80.91,0.031
화성암,30.02,22.71,0.24100000000000002
화성암,27.71,20.97,0.22899999999999998
화성암,23.19,18.09,0.24100000000000002
화성암,32.33,24.46,0.17800000000000002
화성암,78.52,59.4,0.057999999999999996
화성암,76.21,57.66,0.102
화성암,67.46,52.61,0.095
화성암,80.83,61.15,0.079
화성암,92.38,69.89,0.04
화성암,90.07,68.14,0.084
화성암,80.11,62.48,0.067
화성암,94.69,71.63,0.052000000000000005
화성암,115.47,87.36,0.033
화성암,113.16,85.61,0.049
화성암,101.19,78.92,0.040999999999999995
화성암,117.78,89.11,0.051
화성암,124.71,94.35,0.075
화성암,122.4,92.6,0.095
화성암,109.63,85.5,0.013999999999999999
화성암,127.02,96.09,0.07
화성암,138.56,104.83,0.022000000000000002
화성암,136.25,103.08,0.024
화성암,122.27,95.36,0.025
화성암,140.87,106.58,0.024
화성암,242.49,183.45,0.011000000000000001
화성암,240.18,181.7,0.011000000000000001
화성암,217.14,169.35,0.003
화성암,244.8,185.2,0.002
화성암,256.34,193.93,0.016
화성암,254.03,192.19,0.016
화성암,229.79,179.21,0.016
화성암,258.65,195.68,0.027000000000000003
화성암,355.65,269.06,0.021
화성암,353.34,267.32,0.024
화성암,320.44,249.91,0.003
화성암,357.96,270.81,0.003
화성암,607.37,459.5,0.004
화성암,605.06,457.76,0.006
화성암,550.24,429.12,0.006999999999999999
화성암,609.68,461.25,0.006999999999999999
화성암,25.5,18.79,0.34299999999999997
화성암,23.0,16.95,0.419
화성암,30.0,22.1,0.152
화성암,35.0,25.79,0.34299999999999997
화성암,32.5,23.95,0.381
화성암,40.0,29.47,0.22899999999999998
화성암,101.25,74.6,0.064
화성암,98.75,72.76,0.049
화성암,102.5,75.52,0.439
화성암,150.0,110.52,0.016
화성암,147.5,108.68,0.048
화성암,145.0,106.84,0.051
화성암,152.5,112.36,0.03
화성암,175.0,128.94,0.021
화성암,172.5,127.1,0.037000000000000005
화성암,170.0,125.26,0.037000000000000005
화성암,177.5,130.78,0.024
화성암,200.0,147.36,0.022000000000000002
화성암,197.5,145.52,0.033
화성암,195.0,143.68,0.035
화성암,202.5,149.2,0.019
화성암,222.5,163.94,0.032
화성암,220.0,162.1,0.027000000000000003
화성암,227.5,167.62,0.022000000000000002
화성암,56.58,53.93,0.235
화성암,73.9,70.44,0.261
화성암,91.22,86.95,0.268
화성암,108.54,103.46,0.22899999999999998
화성암,125.86,119.97,0.162
화성암,143.18,136.48,0.156
화성암,160.5,152.99,0.17600000000000002
화성암,185.91,177.2,0.040999999999999995
화성암,56.58,53.93,0.048
화성암,73.9,70.44,0.031
화성암,91.22,86.95,0.024
화성암,108.54,103.46,0.038
화성암,125.86,119.97,0.016
화성암,143.18,136.48,0.015
화성암,160.5,152.99,0.011000000000000001
화성암,183.6,175.0,0.009000000000000001
화성암,164.24,158.24,0.021
화성암,169.63,161.68,0.022000000000000002
화성암,134.1,138.24,0.027999999999999997
화성암,207.17,199.61,0.022000000000000002
화성암,206.72,199.18,0.023
화성암,213.97,203.95,0.021
화성암,98.15,93.55,0.182
화성암,98.15,93.55,0.157
화성암,77.59,79.99,0.223
화성암,127.02,121.07,0.094
화성암,122.98,118.49,0.07
화성암,127.02,121.07,0.06
화성암,151.05,145.53,0.031
화성암,151.05,145.53,0.037000000000000005
화성암,156.0,148.7,0.024
화성암,179.11,172.57,0.028999999999999998
화성암,184.98,176.32,0.017
화성암,184.98,176.32,0.013999999999999999
화성암,206.95,199.39,0.016
화성암,206.95,199.39,0.015
화성암,213.74,203.73,0.016
화성암,242.6,231.24,0.015
화성암,234.9,226.32,0.019
화성암,242.6,231.24,0.016
화성암,163.79,157.81,0.021
화성암,169.16,161.24,0.015
화성암,169.16,161.24,0.012
화성암,208.29,200.69,0.021
화성암,208.29,200.69,0.019
화성암,215.12,205.05,0.019
화성암,78.51,80.93,0.213
화성암,96.15,92.64,0.18899999999999997
화성암,99.3,94.66,0.175
화성암,124.1,119.57,0.061
화성암,124.1,119.57,0.069
화성암,101.33,104.45,0.091
화성암,152.16,146.61,0.031
화성암,124.24,128.08,0.05
화성암,157.15,149.8,0.028999999999999998
화성암,180.12,173.54,0.023
화성암,180.12,173.54,0.021
화성암,147.06,151.6,0.027000000000000003
화성암,208.07,200.47,0.02
화성암,208.07,200.47,0.021
화성암,208.07,200.47,0.017
화성암,49.64,42.16,0.8290000000000001
화성암,49.64,42.16,0.932
화성암,49.64,42.16,0.799
화성암,60.8,48.26,0.701
화성암,49.64,42.16,0.866
화성암,130.64,110.94,0.068
화성암,130.64,110.94,0.075
화성암,160.0,126.99,0.091
화성암,130.64,110.94,0.095
화성암,130.64,110.94,0.1
화성암,179.63,152.54,0.021
화성암,179.63,152.54,0.032
화성암,179.63,152.54,0.02
화성암,179.63,152.54,0.022000000000000002
화성암,220.0,174.61,0.016
화성암,212.29,180.27,0.011000000000000001
화성암,212.29,180.27,0.017
화성암,212.29,180.27,0.012
화성암,212.29,180.27,0.013000000000000001
화성암,212.29,180.27,0.015
화성암,245.11,208.15,0.01
화성암,245.11,208.15,0.013000000000000001
화성암,245.11,208.15,0.009000000000000001
화성암,245.11,208.15,0.012
화성암,300.2,238.27,0.01
화성암,277.77,235.88,0.011000000000000001
화성암,277.77,235.88,0.01
화성암,277.77,235.88,0.013000000000000001
화성암,277.77,235.88,0.011000000000000001
화성암,277.77,235.88,0.01
화성암,100.0,73.68,0.025
화성암,97.5,71.84,0.068
화성암,95.0,70.0,0.068
화성암,102.5,75.52,0.032
화성암,125.0,92.1,0.019
화성암,122.5,90.26,0.033
화성암,120.0,88.42,0.028999999999999998
화성암,127.5,93.94,0.025
화성암,150.0,110.52,0.024
화성암,147.5,108.68,0.033
화성암,145.0,106.84,0.006
화성암,152.5,112.36,0.006
화성암,175.0,128.94,0.024
화성암,172.5,127.1,0.028999999999999998
화성암,170.0,125.26,0.01
화성암,177.5,130.78,0.006
화성암,200.0,147.36,0.019
화성암,197.5,145.52,0.027000000000000003
화성암,195.0,143.68,0.008
화성암,202.5,149.2,0.006
화성암,57.5,42.37,0.071
화성암,55.0,40.52,0.114
화성암,52.5,38.68,0.08900000000000001
화성암,60.0,44.21,0.044000000000000004
화성암,400.0,294.72,0.015
화성암,397.5,292.88,0.015
화성암,395.0,291.04,0.012
화성암,402.5,296.56,0.012
화성암,430.0,316.83,0.012
화성암,427.5,314.98,0.022000000000000002
화성암,425.0,313.14,0.027000000000000003
화성암,432.5,318.67,0.015
화성암,29.02,25.63,0.252
화성암,21.94,20.91,0.37200000000000005
화성암,21.91,20.52,0.175
화성암,29.7,26.46,0.18899999999999997
화성암,36.27,32.04,0.44
화성암,27.71,26.42,0.613
화성암,27.99,26.22,0.252
화성암,36.77,32.76,0.377
화성암,58.04,51.27,0.1
화성암,45.03,42.93,0.134
화성암,46.25,43.32,0.081
화성암,57.98,51.66,0.07200000000000001
화성암,71.1,62.8,0.09300000000000001
화성암,55.43,52.83,0.08800000000000001
화성암,57.21,53.58,0.035
화성암,70.71,63.0,0.042
화성암,74.0,65.36,0.08199999999999999
화성암,57.74,55.03,0.067
화성암,59.64,55.86,0.044000000000000004
화성암,73.54,65.52,0.042
화성암,72.55,64.08,0.09300000000000001
화성암,56.58,53.93,0.11
화성암,58.42,54.72,0.068
화성암,72.12,64.26,0.07400000000000001
화성암,87.06,76.9,0.084
화성암,68.13,64.94,0.134
화성암,70.6,66.12,0.07200000000000001
화성암,86.27,76.86,0.07
화성암,101.57,89.72,0.086
화성암,79.67,75.94,0.09300000000000001
화성암,82.77,77.52,0.053
화성암,100.41,89.45,0.055999999999999994
화성암,116.08,102.53,0.044000000000000004
화성암,91.22,86.95,0.052000000000000005
화성암,94.94,88.92,0.026000000000000002
화성암,114.55,102.05,0.023
화성암,145.1,128.16,0.055999999999999994
화성암,114.32,108.96,0.08900000000000001
화성암,119.28,111.72,0.032
화성암,142.84,127.25,0.025
화성암,271.33,239.67,0.015
화성암,214.77,204.72,0.012
화성암,225.17,210.9,0.006999999999999999
화성암,265.87,236.87,0.006999999999999999
화성암,44.72,34.2,0.153
화성암,42.49,32.49,0.337
화성암,40.25,30.78,0.289
화성암,46.96,35.91,0.091
화성암,55.9,42.75,0.09699999999999999
화성암,53.67,41.04,0.09699999999999999
화성암,51.43,39.33,0.051
화성암,58.14,44.46,0.011000000000000001
화성암,89.44,68.4,0.040999999999999995
화성암,87.21,66.69,0.085
화성암,84.97,64.98,0.064
화성암,91.68,70.11,0.012
화성암,109.57,83.79,0.040999999999999995
화성암,107.33,82.08,0.054000000000000006
화성암,105.1,80.37,0.042
화성암,111.8,85.5,0.026000000000000002
화성암,114.04,87.21,0.038
화성암,111.8,85.5,0.049
화성암,109.57,83.79,0.038
화성암,116.28,88.92,0.017
화성암,111.8,85.5,0.045
화성암,109.57,83.79,0.049
화성암,107.33,82.08,0.048
화성암,114.04,87.21,0.021
화성암,134.16,102.6,0.035
화성암,131.93,100.89,0.039
화성암,129.69,99.18,0.02
화성암,136.4,104.31,0.009000000000000001
화성암,156.52,119.7,0.02
화성암,154.29,117.99,0.02
화성암,152.05,116.28,0.016
화성암,158.76,121.41,0.004
화성암,178.89,136.8,0.018000000000000002
화성암,176.65,135.09,0.018000000000000002
화성암,174.41,133.38,0.013000000000000001
화성암,181.12,138.51,0.002
화성암,223.61,171.0,0.013999999999999999
화성암,221.37,169.29,0.019
화성암,219.13,167.58,0.013000000000000001
화성암,225.84,172.71,0.005
화성암,50.0,36.84,0.225
화성암,47.5,35.0,0.43700000000000006
화성암,39.76,30.53,0.47600000000000003
화성암,52.5,38.68,0.289
화성암,75.0,55.26,0.071
화성암,72.5,53.42,0.121
화성암,61.84,47.49,0.225
화성암,77.5,57.1,0.11900000000000001
화성암,87.5,64.47,0.084
화성암,85.0,62.63,0.12300000000000001
화성암,72.88,55.97,0.171
화성암,90.0,66.31,0.09699999999999999
화성암,125.0,92.1,0.040999999999999995
화성암,122.5,90.26,0.067
화성암,106.01,81.41,0.10300000000000001
화성암,127.5,93.94,0.057
화성암,155.0,114.2,0.027999999999999997
화성암,152.5,112.36,0.052000000000000005
화성암,132.52,101.76,0.06
화성암,157.5,116.05,0.034
화성암,187.5,138.15,0.044000000000000004
화성암,185.0,136.31,0.062
화성암,161.23,123.81,0.084
화성암,190.0,139.99,0.049
화성암,225.0,165.78,0.013999999999999999
화성암,222.5,163.94,0.021
화성암,194.36,149.24,0.005
화성암,227.5,167.62,0.006
화성암,87.5,64.47,0.064
화성암,69.4,54.71,0.203
화성암,72.88,55.97,0.114
화성암,73.48,57.93,0.038
화성암,125.0,92.1,0.051
화성암,100.02,78.85,0.114
화성암,106.01,81.41,0.013000000000000001
화성암,104.1,82.07,0.013000000000000001
화성암,150.0,110.52,0.021
화성암,120.43,94.94,0.044000000000000004
화성암,128.1,98.37,0.037000000000000005
화성암,124.52,98.16,0.016
화성암,175.0,128.94,0.024
화성암,140.85,111.03,0.043
화성암,150.19,115.33,0.018000000000000002
화성암,144.93,114.25,0.013000000000000001
화성암,200.0,147.36,0.018000000000000002
화성암,161.26,127.12,0.024
화성암,172.27,132.28,0.006
화성암,165.34,130.34,0.006
화성암,225.0,165.78,0.018000000000000002
화성암,181.67,143.21,0.013000000000000001
화성암,194.36,149.24,0.005
화성암,185.75,146.43,0.005
화성암,250.0,184.2,0.016
화성암,202.08,159.31,0.008
화성암,216.45,166.2,0.006
화성암,206.17,162.52,0.006
화성암,100.0,73.68,0.076
화성암,79.61,62.76,0.10300000000000001
화성암,71.18,57.74,0.064
화성암,83.69,65.98,0.071
화성암,125.0,92.1,0.04
화성암,100.02,78.85,0.051
화성암,89.91,72.94,0.033
화성암,104.1,82.07,0.038
화성암,150.0,110.52,0.032
화성암,120.43,94.94,0.055999999999999994
화성암,108.64,88.13,0.028999999999999998
화성암,124.52,98.16,0.028999999999999998
화성암,175.0,128.94,0.024
화성암,140.85,111.03,0.052000000000000005
화성암,127.38,103.33,0.040999999999999995
화성암,144.93,114.25,0.037000000000000005
화성암,200.0,147.36,0.024
화성암,161.26,127.12,0.04
화성암,146.11,118.53,0.024
화성암,165.34,130.34,0.028999999999999998
화성암,225.0,165.78,0.018000000000000002
화성암,181.67,143.21,0.024
화성암,164.84,133.72,0.013999999999999999
화성암,185.75,146.43,0.019
화성암,255.0,187.89,0.01
화성암,206.17,162.52,0.016
화성암,187.32,151.96,0.013999999999999999
화성암,210.25,165.74,0.013999999999999999
화성암,310.0,228.41,0.01
화성암,251.07,197.93,0.013999999999999999
화성암,228.53,185.39,0.013000000000000001
화성암,255.16,201.14,0.01
화성암,262.5,193.41,0.01
화성암,212.29,167.35,0.028999999999999998
화성암,192.94,156.51,0.017
화성암,216.37,170.57,0.027000000000000003
화성암,67.5,49.73,0.17
화성암,65.0,47.89,0.125
화성암,55.22,42.4,0.244
화성암,70.0,51.58,0.078
화성암,80.0,58.94,0.113
화성암,77.5,57.1,0.09
화성암,66.26,50.88,0.1
화성암,82.5,60.79,0.076
화성암,92.5,68.15,0.046
화성암,90.0,66.31,0.027000000000000003
화성암,77.3,59.36,0.04
화성암,95.0,70.0,0.022000000000000002
화성암,115.0,84.73,0.040999999999999995
화성암,112.5,82.89,0.032
화성암,97.18,74.62,0.071
화성암,117.5,86.57,0.028999999999999998
화성암,137.5,101.31,0.027000000000000003
화성암,135.0,99.47,0.028999999999999998
화성암,117.06,89.89,0.048
화성암,140.0,103.15,0.024
화성암,212.5,156.57,0.019
화성암,210.0,154.73,0.022000000000000002
화성암,183.32,140.76,0.028999999999999998
화성암,215.0,158.41,0.024
화성암,80.0,63.5,0.051
화성암,78.0,61.91,0.151
화성암,80.11,62.48,0.10300000000000001
화성암,82.0,65.08,0.081
화성암,110.0,87.31,0.021
화성암,108.0,85.72,0.051
화성암,111.73,87.14,0.040999999999999995
화성암,112.0,88.89,0.033
화성암,140.0,111.12,0.016
화성암,138.0,109.53,0.037000000000000005
화성암,145.46,113.45,0.035
화성암,142.0,112.71,0.018000000000000002
화성암,170.0,134.93,0.019
화성암,168.0,133.34,0.028999999999999998
화성암,174.98,136.46,0.003
화성암,172.0,136.52,0.003
화성암,200.0,158.74,0.013999999999999999
화성암,198.0,157.15,0.018000000000000002
화성암,206.6,161.13,0.006
화성암,202.0,160.33,0.006
화성암,272.0,215.89,0.006
화성암,270.0,214.3,0.013999999999999999
화성암,282.5,220.31,0.006
화성암,274.0,217.47,0.006
화성암,358.0,284.14,0.006
화성암,356.0,282.56,0.008
화성암,373.15,291.01,0.005
화성암,360.0,285.73,0.005
화성암,100.0,79.37,0.067
화성암,98.0,77.78,0.13
화성암,101.19,78.92,0.09
화성암,102.0,80.96,0.040999999999999995
화성암,120.0,95.24,0.075
화성암,118.0,93.66,0.094
화성암,122.27,95.36,0.054000000000000006
화성암,122.0,96.83,0.040999999999999995
화성암,160.0,126.99,0.043
화성암,158.0,125.4,0.055999999999999994
화성암,164.44,128.24,0.040999999999999995
화성암,162.0,128.58,0.043
화성암,180.0,142.87,0.038
화성암,178.0,141.28,0.048
화성암,185.52,144.68,0.032
화성암,182.0,144.45,0.027000000000000003
화성암,200.0,158.74,0.035
화성암,198.0,157.15,0.037000000000000005
화성암,206.6,161.13,0.037000000000000005
화성암,202.0,160.33,0.016
화성암,66.0,52.38,0.08900000000000001
화성암,64.0,50.8,0.177
화성암,65.35,50.97,0.076
화성암,68.0,53.97,0.102
화성암,76.0,60.32,0.033
화성암,74.0,58.73,0.083
화성암,75.89,59.19,0.10800000000000001
화성암,78.0,61.91,0.065
화성암,80.0,63.5,0.043
화성암,78.0,61.91,0.095
화성암,80.11,62.48,0.083
화성암,82.0,65.08,0.095
화성암,100.0,79.37,0.028999999999999998
화성암,98.0,77.78,0.06
화성암,101.19,78.92,0.037000000000000005
화성암,102.0,80.96,0.065
화성암,120.0,95.24,0.027000000000000003
화성암,118.0,93.66,0.059000000000000004
화성암,122.27,95.36,0.054000000000000006
화성암,122.0,96.83,0.052000000000000005
화성암,160.0,126.99,0.027000000000000003
화성암,158.0,125.4,0.06
화성암,164.44,128.24,0.040999999999999995
화성암,162.0,128.58,0.054000000000000006
화성암,180.0,142.87,0.019
화성암,178.0,141.28,0.062
화성암,185.52,144.68,0.044000000000000004
화성암,182.0,144.45,0.027000000000000003
화성암,28.86,28.23,0.217
화성암,28.41,27.08,0.191
화성암,34.44,30.14,0.27
화성암,32.1,30.6,0.195
화성암,28.86,28.23,0.111
화성암,28.41,27.08,0.10800000000000001
화성암,34.44,30.14,0.11
화성암,32.1,30.6,0.09699999999999999
화성암,79.32,77.58,0.054000000000000006
화성암,84.76,80.79,0.044000000000000004
화성암,108.67,95.13,0.057
화성암,86.03,82.0,0.049
화성암,107.44,105.07,0.023
화성암,115.47,110.06,0.026000000000000002
화성암,148.62,130.1,0.024
화성암,116.28,110.83,0.023
화성암,118.34,115.74,0.023
화성암,127.36,121.4,0.022000000000000002
화성암,163.98,143.55,0.022000000000000002
화성암,128.06,122.06,0.016
화성암,27.9,27.29,0.616
화성암,21.54,22.21,0.5589999999999999
화성암,21.96,23.5,0.35700000000000004
화성암,16.4,18.09,0.5329999999999999
화성암,27.9,27.29,0.319
화성암,21.54,22.21,0.33
화성암,21.96,23.5,0.23
화성암,16.4,18.09,0.36200000000000004
화성암,39.02,38.16,0.155
화성암,31.77,32.75,0.14400000000000002
화성암,30.29,32.41,0.11
화성암,25.19,27.79,0.099
화성암,62.43,61.06,0.094
화성암,52.31,53.92,0.068
화성암,48.01,51.37,0.025
화성암,42.26,46.61,0.071
화성암,77.72,76.01,0.09699999999999999
화성암,65.64,67.66,0.154
화성암,59.6,63.77,0.099
화성암,53.22,58.7,0.153
화성암,86.06,84.16,0.076
화성암,72.94,75.19,0.091
화성암,65.89,70.5,0.064
화성암,59.26,65.35,0.13
화성암,105.84,103.51,0.21
화성암,89.83,92.6,0.28800000000000003
화성암,81.0,86.66,0.11199999999999999
화성암,73.12,80.65,0.195
화성암,217.34,212.55,0.078
화성암,185.5,191.22,0.042
화성암,166.08,177.69,0.034
화성암,151.38,166.96,0.042
화성암,274.1,268.07,0.059000000000000004
화성암,234.06,241.28,0.039
화성암,209.43,224.07,0.024
화성암,191.11,210.78,0.037000000000000005
화성암,73.16,62.13,0.142
화성암,67.61,57.41,0.21
화성암,70.65,59.31,0.204
화성암,75.93,64.48,0.14400000000000002
화성암,98.47,83.62,0.076
화성암,94.55,80.29,0.13699999999999998
화성암,98.38,82.58,0.105
화성암,100.43,85.28,0.08800000000000001
화성암,135.87,115.38,0.017
화성암,133.09,113.02,0.03
화성암,138.1,115.93,0.023
화성암,137.33,116.62,0.019
화성암,197.76,167.93,0.021
화성암,195.96,166.41,0.034
화성암,203.01,170.42,0.027999999999999997
화성암,198.9,168.9,0.021
화성암,272.06,231.03,0.018000000000000002
화성암,270.91,230.06,0.023
화성암,280.42,235.41,0.022000000000000002
화성암,272.87,231.72,0.012
화성암,143.7,122.03,0.026000000000000002
화성암,140.44,119.26,0.048
화성암,145.87,122.46,0.031
화성암,145.17,123.28,0.034
화성암,198.41,168.49,0.027999999999999997
화성암,195.96,166.41,0.044000000000000004
화성암,203.18,170.56,0.031
화성암,199.55,169.46,0.013000000000000001
화성암,55.11,43.45,0.168
화성암,53.07,41.84,0.17600000000000002
화성암,61.24,48.27,0.19
화성암,71.44,56.32,0.122
화성암,65.32,51.49,0.196
화성암,85.73,67.58,0.184
화성암,53.4,45.35,0.205
화성암,51.77,43.96,0.27
화성암,51.89,43.56,0.184
화성암,53.89,45.76,0.222
화성암,58.46,49.64,0.149
화성암,56.83,48.26,0.233
화성암,57.13,47.96,0.14400000000000002
화성암,60.09,51.03,0.179
화성암,77.08,65.45,0.11
화성암,75.44,64.07,0.13699999999999998
화성암,76.4,64.14,0.111
화성암,78.38,66.56,0.122
화성암,83.61,71.0,0.083
화성암,81.98,69.61,0.102
화성암,83.16,69.81,0.113
화성암,84.92,72.11,0.09699999999999999
화성암,90.63,76.96,0.076
화성암,89.0,75.58,0.098
화성암,90.43,75.92,0.092
화성암,92.26,78.35,0.091
화성암,97.82,83.06,0.087
화성암,96.18,81.68,0.10300000000000001
화성암,97.87,82.16,0.076
화성암,99.61,84.59,0.08900000000000001
화성암,104.84,89.03,0.075
화성암,103.21,87.64,0.086
화성암,105.14,88.26,0.087
화성암,106.14,90.14,0.086
화성암,112.35,95.41,0.073
화성암,110.72,94.02,0.073
화성암,112.91,94.79,0.073
화성암,114.31,97.07,0.068
화성암,38.89,32.16,0.205
화성암,37.12,30.7,0.213
화성암,37.46,30.39,0.198
화성암,40.66,33.63,0.243
화성암,45.96,38.01,0.16399999999999998
화성암,44.19,36.55,0.198
화성암,44.96,36.47,0.154
화성암,47.73,39.47,0.17300000000000001
화성암,70.71,58.48,0.084
화성암,68.94,57.02,0.125
화성암,71.18,57.74,0.091
화성암,72.48,59.94,0.10300000000000001
화성암,88.39,73.1,0.057
화성암,86.62,71.64,0.052000000000000005
화성암,89.91,72.94,0.038
화성암,90.16,74.56,0.055999999999999994
화성암,123.74,102.34,0.048
화성암,121.98,100.88,0.064
화성암,129.25,104.85,0.048
화성암,125.51,103.8,0.048
화성암,159.1,131.58,0.022000000000000002
화성암,157.33,130.12,0.013000000000000001
화성암,164.84,133.72,0.064
화성암,160.87,133.04,0.079
화성암,31.25,23.03,0.213
화성암,28.75,21.18,0.51
화성암,23.19,17.81,0.594
화성암,33.75,24.87,0.498
화성암,60.5,44.58,0.124
화성암,58.0,42.73,0.20600000000000002
화성암,49.03,37.65,0.221
화성암,63.0,46.42,0.17300000000000001
화성암,82.5,60.79,0.067
화성암,80.0,58.94,0.124
화성암,68.47,52.57,0.11699999999999999
화성암,85.0,62.63,0.08900000000000001
화성암,106.0,78.1,0.043
화성암,103.5,76.26,0.065
화성암,89.23,68.52,0.062
화성암,108.5,79.94,0.048
화성암,130.0,95.78,0.052000000000000005
화성암,127.5,93.94,0.054000000000000006
화성암,110.43,84.8,0.055999999999999994
화성암,132.5,97.63,0.038
화성암,154.25,113.65,0.03
화성암,151.75,111.81,0.043
화성암,131.86,101.25,0.051
화성암,156.75,115.49,0.038
화성암,178.75,131.7,0.013999999999999999
화성암,176.25,129.86,0.018000000000000002
화성암,153.5,117.87,0.013999999999999999
화성암,181.25,133.55,0.019
화성암,26.0,20.64,0.406
화성암,24.0,19.05,0.66
화성암,23.19,18.09,0.711
화성암,28.0,22.22,0.762
화성암,56.0,44.45,0.057
화성암,54.0,42.86,0.049
화성암,54.81,42.75,0.073
화성암,58.0,46.03,0.083
화성암,80.0,63.5,0.141
화성암,78.0,61.91,0.10800000000000001
화성암,80.11,62.48,0.132
화성암,82.0,65.08,0.157
화성암,100.0,79.37,0.091
화성암,98.0,77.78,0.068
화성암,101.19,78.92,0.105
화성암,102.0,80.96,0.132
화성암,120.0,95.24,0.043
화성암,118.0,93.66,0.038
화성암,122.27,95.36,0.06
화성암,122.0,96.83,0.067
화성암,140.0,111.12,0.046
화성암,138.0,109.53,0.04
화성암,145.46,113.45,0.051
화성암,142.0,112.71,0.048
화성암,160.0,126.99,0.027000000000000003
화성암,158.0,125.4,0.021
화성암,164.44,128.24,0.040999999999999995
화성암,162.0,128.58,0.035
화성암,16.44,15.2,1.16
화성암,19.6,16.64,1.54
화성암,19.3,16.0,0.978
화성암,19.8,17.64,1.6
화성암,34.15,31.58,0.094
화성암,42.46,36.05,0.14300000000000002
화성암,43.85,36.36,0.11
화성암,39.6,35.28,0.152
화성암,50.6,46.78,0.221
화성암,63.69,54.08,0.391
화성암,66.66,55.27,0.2
화성암,57.98,51.66,0.20800000000000002
화성암,63.25,58.48,0.251
화성암,80.02,67.95,0.314
화성암,84.2,69.81,0.24600000000000002
화성암,72.12,64.26,0.341
화성암,75.89,70.18,0.14800000000000002
화성암,96.35,81.82,0.183
화성암,101.74,84.36,0.187
화성암,86.27,76.86,0.16399999999999998
화성암,88.54,81.87,0.825
화성암,112.68,95.68,0.10800000000000001
화성암,119.28,98.9,0.102
화성암,100.41,89.45,0.129
화성암,101.19,93.57,0.10800000000000001
화성암,129.01,109.55,0.098
화성암,136.82,113.45,0.083
화성암,114.55,102.05,0.11900000000000001
화성암,120.17,111.11,0.023
화성암,153.5,130.35,0.012
화성암,163.13,135.27,0.011000000000000001
화성암,135.76,120.95,0.021
화성암,61.24,48.27,0.162
화성암,59.2,46.67,0.141
화성암,61.84,47.49,0.16699999999999998
화성암,63.28,49.88,0.114
화성암,81.65,64.37,0.059000000000000004
화성암,79.61,62.76,0.071
화성암,83.93,64.45,0.079
화성암,83.69,65.98,0.062
화성암,90.22,71.12,0.021
화성암,88.18,69.52,0.026000000000000002
화성암,93.2,71.57,0.016
화성암,92.26,72.73,0.02
화성암,122.47,96.55,0.075
화성암,120.43,94.94,0.075
화성암,128.1,98.37,0.079
화성암,124.52,98.16,0.065
화성암,142.89,112.64,0.033
화성암,140.85,111.03,0.027000000000000003
화성암,150.19,115.33,0.025
화성암,144.93,114.25,0.021
화성암,163.3,128.73,0.024
화성암,161.26,127.12,0.019
화성암,172.27,132.28,0.018000000000000002
화성암,165.34,130.34,0.018000000000000002
화성암,183.71,144.82,0.016
화성암,181.67,143.21,0.016
화성암,194.36,149.24,0.013000000000000001
화성암,185.75,146.43,0.011000000000000001
화성암,89.61,70.64,0.023
화성암,87.57,69.03,0.036000000000000004
화성암,85.53,67.42,0.047
화성암,91.65,72.25,0.002
화성암,22.37,19.0,1.63
화성암,17.96,16.0,1.02
화성암,12.08,11.95,1.65
화성암,20.79,18.52,0.991
화성암,32.66,27.73,1.45
화성암,26.87,23.94,1.17
화성암,18.59,18.39,1.41
화성암,29.7,26.46,1.27
화성암,48.99,41.6,0.622
화성암,41.01,36.54,0.508
화성암,28.92,28.61,0.521
화성암,43.84,39.06,0.444
화성암,65.32,55.47,0.278
화성암,55.15,49.14,0.29100000000000004
화성암,39.25,38.83,0.281
화성암,57.98,51.66,0.237
화성암,81.65,69.34,0.113
화성암,69.3,61.74,0.09699999999999999
화성암,49.57,49.04,0.086
화성암,72.12,64.26,0.079
화성암,97.98,83.2,0.073
화성암,83.44,74.34,0.065
화성암,59.9,59.26,0.084
화성암,86.27,76.86,0.052000000000000005
화성암,114.31,97.07,0.076
화성암,97.58,86.93,0.079
화성암,70.23,69.48,0.062
화성암,100.41,89.45,0.064
화성암,130.64,110.94,0.049
화성암,111.72,99.53,0.07200000000000001
화성암,80.56,79.7,0.055999999999999994
화성암,114.55,102.05,0.046
화성암,51.03,40.23,0.21
화성암,48.99,38.62,0.34
화성암,50.8,39.01,0.179
화성암,53.07,41.84,0.203
화성암,61.24,48.27,0.14300000000000002
화성암,59.2,46.67,0.313
화성암,61.84,47.49,0.17800000000000002
화성암,63.28,49.88,0.165
화성암,98.8,77.88,0.042
화성암,96.75,76.27,0.042
화성암,102.48,78.69,0.03
화성암,100.84,79.49,0.042
화성암,122.47,96.55,0.052000000000000005
화성암,120.43,94.94,0.051
화성암,128.1,98.37,0.033
화성암,124.52,98.16,0.049
화성암,142.89,112.64,0.04
화성암,140.85,111.03,0.04
화성암,150.19,115.33,0.025
화성암,144.93,114.25,0.038
화성암,163.3,128.73,0.03
화성암,161.26,127.12,0.035
화성암,172.27,132.28,0.025
화성암,165.34,130.34,0.032
화성암,183.71,144.82,0.024
화성암,181.67,143.21,0.028999999999999998
화성암,194.36,149.24,0.021
화성암,185.75,146.43,0.022000000000000002
화성암,36.06,32.13,0.657
화성암,36.77,32.76,0.607
화성암,37.62,33.51,0.619
화성암,48.37,43.09,0.272
화성암,48.37,43.09,0.217
화성암,47.94,42.71,0.22
화성암,48.37,43.09,0.22
화성암,49.36,43.97,0.244
화성암,46.95,41.83,0.303
화성암,42.85,38.18,0.382
화성암,42.99,38.3,0.47600000000000003
화성암,63.92,56.95,0.142
화성암,63.64,56.7,0.11199999999999999
화성암,63.92,56.95,0.12
화성암,63.64,56.7,0.10400000000000001
화성암,63.78,56.82,0.106
화성암,65.05,57.96,0.128
화성암,62.93,56.07,0.115
화성암,65.9,58.71,0.185
화성암,62.08,55.31,0.187
화성암,58.97,52.54,0.174
화성암,89.52,79.75,0.11
화성암,89.52,79.75,0.069
화성암,89.38,79.63,0.07200000000000001
화성암,89.8,80.0,0.069
화성암,90.37,80.51,0.07200000000000001
화성암,88.39,78.75,0.075
화성암,88.53,78.87,0.08
화성암,85.7,76.35,0.092
화성암,83.58,74.46,0.092
화성암,94.33,84.04,0.1
화성암,149.2,132.92,0.027999999999999997
화성암,148.78,132.54,0.023
화성암,149.2,132.92,0.021
화성암,150.05,133.68,0.015
화성암,148.21,132.04,0.017
화성암,148.21,132.04,0.018000000000000002
화성암,151.6,135.06,0.02
화성암,147.93,131.79,0.021
화성암,151.04,134.56,0.028999999999999998
화성암,29.56,26.33,0.845
화성암,112.43,100.16,0.047
화성암,112.71,100.42,0.053
화성암,113.56,101.17,0.042
화성암,108.61,96.76,0.055
화성암,115.97,103.31,0.062
화성암,115.54,102.94,0.06
화성암,118.65,105.71,0.047
화성암,114.69,102.18,0.053
화성암,157.68,140.48,0.037000000000000005
화성암,163.2,145.39,0.035
화성암,167.58,149.3,0.034
화성암,30.89,27.33,2.16
화성암,30.04,25.79,2.93
화성암,34.93,30.91,1.071
화성암,47.78,42.27,0.266
화성암,52.34,44.92,0.447
화성암,48.21,42.66,0.325
화성암,70.58,62.45,0.098
화성암,77.32,66.37,0.127
화성암,71.01,62.84,0.078
화성암,96.42,85.32,0.076
화성암,105.62,90.66,0.081
화성암,96.71,85.57,0.081
화성암,187.35,165.78,0.017
화성암,205.55,176.44,0.019
화성암,187.21,165.65,0.012
화성암,217.37,192.34,0.017
화성암,238.44,204.67,0.017
화성암,217.23,192.22,0.013000000000000001
화성암,236.42,209.2,0.012
화성암,259.15,222.45,0.009000000000000001
화성암,236.14,208.95,0.009000000000000001
화성암,261.68,231.55,0.013999999999999999
화성암,287.13,246.47,0.017
화성암,261.54,231.43,0.017
화성암,279.29,247.13,0.034
화성암,306.42,263.03,0.034
화성암,279.0,246.88,0.034
화성암,58.75,51.98,0.12
화성암,62.61,53.75,0.271
화성암,60.48,53.51,0.129
화성암,205.54,181.87,0.044000000000000004
화성암,224.21,192.45,0.024
화성암,206.26,182.51,0.02
화성암,401.58,418.99,0.023
화성암,414.37,428.92,0.025
화성암,425.7,437.8,0.011000000000000001
화성암,427.97,440.44,0.021
화성암,425.98,440.15,0.013999999999999999
화성암,441.64,451.26,0.013999999999999999
화성암,424.67,440.17,0.016
화성암,438.54,450.49,0.023
화성암,434.42,448.44,0.023
화성암,433.8,448.79,0.042
화성암,439.08,453.26,0.016
화성암,436.66,452.29,0.02
화성암,454.42,465.27,0.027999999999999997
화성암,428.68,441.9,0.011000000000000001
화성암,406.36,456.62,0.012
화성암,535.06,549.72,0.011000000000000001
화성암,411.65,462.06,0.013000000000000001
화성암,437.97,481.93,0.038
화성암,499.69,526.48,0.012
화성암,424.72,473.09,0.038
화성암,505.78,531.59,0.012
화성암,475.15,510.49,0.023
화성암,425.77,475.74,0.011000000000000001
화성암,439.95,487.19,0.012
화성암,430.54,481.15,0.024
화성암,432.1,484.16,0.013000000000000001
화성암,426.45,480.84,0.044000000000000004
화성암,470.58,514.44,0.028999999999999998
화성암,468.6,513.97,0.028999999999999998
화성암,417.94,477.49,0.027000000000000003
화성암,421.21,480.37,0.051
화성암,440.52,496.51,0.036000000000000004
화성암,433.4,491.92,0.024
화성암,434.81,493.74,0.043
화성암,436.38,495.72,0.012
화성암,424.63,487.16,0.016
화성암,428.58,490.93,0.012
화성암,584.07,605.31,0.013000000000000001
화성암,696.19,718.77,0.006999999999999999
화성암,698.0,720.63,0.028999999999999998
화성암,685.81,712.83,0.035
화성암,758.76,765.8,0.006
화성암,709.27,733.37,0.006999999999999999
화성암,696.54,725.8,0.009000000000000001
화성암,698.31,727.64,0.013000000000000001
화성암,730.8,751.35,0.028999999999999998
화성암,711.83,742.69,0.015
화성암,618.5,681.15,0.017
화성암,35.93,35.55,0.17
화성암,35.93,35.55,0.22
화성암,35.93,35.55,0.254
화성암,84.29,59.6,0.1
화성암,62.23,44.0,0.07
화성암,79.48,56.2,0.05
화성암,84.0,59.4,0.1
화성암,80.61,57.0,0.05
화성암,84.85,60.0,0.1
화성암,59.68,42.2,0.25
화성암,82.31,58.2,0.07
화성암,80.89,57.2,0.1
화성암,83.16,58.8,0.07
화성암,69.71,51.68,0.1
화성암,54.24,40.21,0.12
화성암,66.51,49.31,0.07
화성암,65.78,48.76,0.07
화성암,67.25,49.86,0.05
화성암,69.71,51.68,0.1
화성암,66.76,49.49,0.1
화성암,67.5,50.04,0.05
화성암,67.74,50.22,0.05
화성암,69.46,51.49,0.1
화성암,68.72,50.95,0.07
화성암,68.72,50.95,0.05
화성암,68.72,50.95,0.05
화성암,52.0,41.27,0.1
화성암,51.8,41.11,0.07
화성암,52.2,41.43,0.05
화성암,52.2,41.43,0.1
화성암,44.0,34.92,0.05
화성암,52.4,41.59,0.05
화성암,78.8,62.54,0.165
화성암,76.4,60.64,0.1
화성암,32.2,25.56,0.35
화성암,30.4,24.13,0.27
화성암,65.4,51.91,0.25
화성암,58.6,46.51,0.05
화성암,53.74,47.88,0.127
화성암,51.9,46.24,0.1
화성암,21.21,18.9,0.3
화성암,22.06,19.65,0.3
화성암,44.12,39.31,0.22
화성암,53.47,48.58,0.225
화성암,22.13,20.11,0.4
화성암,18.4,16.72,0.35
화성암,40.53,36.83,0.05
화성암,82.6,65.56,0.183
화성암,78.0,61.91,0.1
화성암,26.4,20.95,0.38
화성암,68.8,54.61,0.1
화성암,61.4,48.73,0.05
화성암,64.67,54.91,0.1
화성암,27.43,23.3,0.33
화성암,20.25,17.2,0.5
화성암,55.85,47.43,0.15
화성암,51.28,43.54,0.05
화성암,75.2,59.69,0.213
화성암,72.0,57.15,0.1
화성암,25.4,20.16,0.3
화성암,25.8,20.48,0.4
화성암,90.0,71.43,0.07
화성암,57.6,45.72,0.05
화성암,60.67,54.05,0.162
화성암,58.83,52.41,0.1
화성암,26.59,23.69,0.25
화성암,18.95,16.88,0.45
화성암,71.56,63.75,0.12
화성암,46.1,41.07,0.05
화성암,47.0,37.3,0.1
화성암,23.2,18.41,0.27
화성암,32.8,26.03,0.27
화성암,16.83,14.99,0.3
화성암,20.36,18.14,0.22
화성암,24.04,21.42,0.38
화성암,40.87,36.41,0.15
화성암,44.26,39.44,0.17
화성암,28.85,25.7,0.508
화성암,23.0,23.46,0.1
화성암,11.88,12.11,0.27
화성암,16.4,16.73,0.35
화성암,26.3,26.83,0.2
화성암,19.61,20.0,0.506
화성암,13.9,13.9,0.65
화성암,16.2,16.2,0.27
화성암,18.7,18.7,0.43
화성암,29.1,29.1,0.3
화성암,32.9,32.9,0.17
화성암,22.0,22.0,0.595
화성암,15.84,14.11,0.35
화성암,19.09,17.01,0.33
화성암,22.49,20.03,0.33
화성암,37.19,33.14,0.22
화성암,42.43,37.8,0.12
화성암,27.15,24.19,0.414
화성암,26.78,22.74,0.2
화성암,30.37,25.79,0.38
화성암,47.36,40.21,0.15
화성암,35.93,30.51,0.34
화성암,82.71,61.5,0.35
화성암,72.98,54.26,0.66
화성암,46.22,34.37,0.63
화성암,34.06,25.32,1.19
화성암,51.08,37.98,0.6
화성암,82.71,61.5,0.1
화성암,75.41,56.07,0.43
화성암,72.98,54.26,0.6
화성암,53.52,39.79,0.3
화성암,38.92,28.94,0.96
화성암,41.35,30.75,0.88
화성암,51.08,37.98,0.295
화성암,16.4,15.63,0.35
화성암,15.01,14.31,0.78
화성암,17.32,16.51,0.38
화성암,24.6,23.44,0.68
화성암,38.34,36.54,0.07
화성암,25.4,24.21,0.165
화성암,18.48,17.61,0.483
화성암,28.0,22.22,0.2
화성암,25.2,20.0,0.4
화성암,29.6,23.49,0.2
화성암,44.8,35.56,0.1
화성암,68.0,53.97,0.05
화성암,41.4,32.86,0.114
화성암,33.6,26.67,0.17800000000000002
화성암,28.4,22.54,0.1
화성암,25.2,20.0,0.15
화성암,29.6,23.49,0.22
화성암,46.0,36.51,0.27
화성암,68.4,54.29,0.07
화성암,42.0,33.34,0.14
화성암,33.0,26.19,0.273
화성암,35.11,26.85,0.1
화성암,25.94,19.84,0.2
화성암,27.5,21.03,0.12
화성암,50.54,38.65,0.17
화성암,77.59,59.34,0.05
화성암,38.01,29.07,0.095
화성암,31.75,24.28,0.25
화성암,33.99,25.99,0.25
화성암,47.85,36.59,0.15
화성암,46.51,35.57,0.45
화성암,72.0,55.06,0.07
화성암,60.82,46.51,0.064
화성암,34.88,26.68,0.21600000000000003
화성암,51.43,39.33,0.09699999999999999
화성암,19.8,17.64,0.1
화성암,16.55,14.74,0.3
화성암,20.65,18.39,0.22
화성암,49.78,44.35,0.05
화성암,24.61,21.92,0.051
화성암,24.04,21.42,0.08900000000000001
화성암,28.28,25.2,0.052000000000000005
화성암,21.5,19.15,0.1
화성암,20.93,18.65,0.2
화성암,22.63,20.16,0.2
화성암,45.54,40.57,0.07
화성암,33.38,29.73,0.064
화성암,21.21,18.9,0.221
화성암,33.94,30.24,0.071
화성암,16.4,15.63,0.35
화성암,15.01,14.31,0.78
화성암,17.32,16.51,0.38
화성암,24.6,23.44,0.68
화성암,38.34,36.54,0.07
화성암,25.4,24.21,0.165
화성암,18.48,17.61,0.483
화성암,28.0,22.22,0.2
화성암,25.2,20.0,0.4
화성암,29.6,23.49,0.2
화성암,44.8,35.56,0.1
화성암,68.0,53.97,0.05
화성암,41.4,32.86,0.114
화성암,33.6,26.67,0.17800000000000002
화성암,28.4,22.54,0.1
화성암,25.2,20.0,0.15
화성암,29.6,23.49,0.22
화성암,46.0,36.51,0.27
화성암,68.4,54.29,0.07
화성암,42.0,33.34,0.14
화성암,33.0,26.19,0.273
화성암,35.11,26.85,0.1
화성암,25.71,19.66,0.2
화성암,27.5,21.03,0.12
화성암,50.54,38.65,0.17
화성암,77.59,59.34,0.05
화성암,38.01,29.07,0.095
화성암,31.75,24.28,0.25
화성암,33.99,25.99,0.25
화성암,47.85,36.59,0.15
화성암,46.51,35.57,0.45
화성암,72.0,55.06,0.07
화성암,60.82,46.51,0.064
화성암,34.88,26.68,0.21600000000000003
화성암,51.43,39.33,0.09699999999999999
화성암,19.8,17.64,0.1
화성암,16.55,14.74,0.3
화성암,20.65,18.39,0.22
화성암,49.78,44.35,0.05
화성암,24.61,21.92,0.051
화성암,24.04,21.42,0.08900000000000001
화성암,28.28,25.2,0.052000000000000005
화성암,21.5,19.15,0.1
화성암,20.93,18.65,0.2
화성암,22.63,20.16,0.2
화성암,45.54,40.57,0.07
화성암,33.38,29.73,0.064
화성암,21.21,18.9,0.221
화성암,33.94,30.24,0.071
화성암,55.9,42.75,0.14
화성암,28.07,23.37,0.264
화성암,34.66,28.85,0.318
화성암,24.43,20.34,0.35
화성암,24.26,20.2,0.73
화성암,42.28,35.2,0.102
화성암,32.0,25.4,0.198
화성암,38.4,30.48,0.368
화성암,26.0,20.64,0.25
화성암,28.4,22.54,0.43
화성암,28.0,22.22,0.22399999999999998
화성암,40.0,31.75,0.35600000000000004
화성암,48.0,38.1,0.17
화성암,37.34,28.56,0.171
화성암,50.31,38.47,0.203
화성암,31.98,24.45,0.2
화성암,29.07,22.23,0.33
화성암,61.72,47.2,0.102
화성암,36.45,27.87,0.16
화성암,52.32,40.01,0.114
화성암,34.8,27.62,0.17600000000000002
화성암,47.2,37.46,0.152
화성암,31.4,24.92,0.15
화성암,31.4,24.92,0.35
화성암,50.0,46.42,0.15
화성암,62.5,58.02,0.07
화성암,68.75,63.82,0.02
화성암,75.0,69.62,0.07
화성암,62.5,58.02,0.05
화성암,68.75,63.82,0.05
화성암,75.0,69.62,0.1
화성암,125.0,116.04,0.013000000000000001
화성암,50.0,46.42,0.05
화성암,56.25,52.22,0.05
화성암,62.5,58.02,0.02
화성암,68.75,63.82,0.02
화성암,75.0,69.62,0.02
화성암,50.0,46.42,0.1
화성암,62.5,58.02,0.07
화성암,68.75,63.82,0.1
화성암,75.0,69.62,0.07
화성암,225.0,208.87,0.033
화성암,50.0,46.42,0.1
화성암,62.5,58.02,0.05
화성암,75.0,69.62,0.05
화성암,101.25,85.98,0.3
화성암,48.99,41.6,0.99
화성암,76.75,65.18,1.16
화성암,84.92,72.11,0.55
화성암,93.08,79.04,0.55
화성암,66.95,56.86,1.23
화성암,57.15,48.54,1.24
화성암,81.3,73.87,0.55
화성암,38.65,35.12,1.49
화성암,61.31,55.71,2.28
화성암,67.97,61.76,0.81
화성암,74.63,67.82,0.81
화성암,53.31,48.44,2.48
화성암,45.31,41.18,2.02
화성암,59.93,62.2,0.25
화성암,43.83,45.49,0.45
화성암,38.46,39.92,0.4
화성암,33.09,34.35,0.17
화성암,27.73,28.78,0.27
화성암,22.36,23.21,0.3
화성암,54.56,56.63,0.305
화성암,49.19,51.06,0.368
화성암,58.79,62.9,0.1
화성암,22.05,23.59,0.38
화성암,26.13,27.95,0.2
화성암,34.29,36.69,0.27
화성암,42.46,45.43,0.12
화성암,42.46,45.43,0.15
화성암,48.6,38.57,0.675
화성암,60.0,47.62,0.222
화성암,49.4,39.21,0.2
화성암,28.0,22.22,0.35
화성암,35.44,30.09,0.838
화성암,53.24,45.21,0.271
화성암,44.42,37.72,0.3
화성암,50.62,42.99,0.1
화성암,49.81,42.3,0.17
화성암,31.96,28.47,0.721
화성암,45.25,40.32,0.152
화성암,38.18,34.02,0.2
화성암,26.16,23.31,0.15
화성암,42.43,37.8,0.07
화성암,38.89,34.65,0.74
화성암,38.47,34.27,0.37799999999999995
화성암,32.53,28.98,0.2
화성암,21.78,19.4,0.3
화성암,35.64,31.75,0.12
화성암,21.21,18.9,0.35
화성암,79.02,62.72,0.25
화성암,89.6,71.12,0.2
화성암,78.0,61.91,0.27
화성암,83.6,66.35,0.27
화성암,94.8,75.24,0.2
화성암,76.8,60.96,0.33
화성암,101.4,80.48,0.15
화성암,97.42,77.32,0.25
화성암,103.2,81.91,0.2
화성암,105.0,83.34,0.2
